id_img,label
10052,angry
10065,sad
10079,angry
10095,angry
10121,angry
10148,angry
10163,sad
10215,angry
1024,disgust
10286,angry
10315,fear
10336,neutral
10338,angry
10371,angry
10382,happy
10399,neutral
10415,angry
10426,sad
10551,fear
10554,angry
10583,neutral
10699,angry
10702,neutral
1071,angry
10743,angry
10746,neutral
10818,neutral
10823,neutral
10825,neutral
10839,happy
10854,angry
10970,happy
11002,angry
11017,angry
11024,neutral
11028,sad
1106,neutral
11075,angry
11093,happy
11096,surprise
11158,neutral
11169,happy
11186,angry
11188,angry
11200,neutral
1124,angry
11266,disgust
1127,sad
11337,angry
11342,angry
11400,neutral
11421,angry
11467,angry
11561,sad
11610,angry
11613,fear
11632,angry
11642,neutral
11675,sad
11694,angry
1177,angry
11813,angry
11841,angry
11849,angry
11883,angry
11949,angry
11964,angry
11986,angry
12136,neutral
12144,happy
1215,neutral
12171,sad
12183,angry
12230,angry
12237,sad
12307,angry
1235,angry
12352,surprise
12489,neutral
12680,angry
12695,happy
12733,angry
12808,angry
12810,angry
12841,angry
12842,neutral
12851,angry
12928,neutral
12945,angry
13029,angry
13041,happy
13057,happy
13059,neutral
13092,neutral
13118,happy
13167,angry
13220,angry
13267,fear
13279,angry
13334,sad
13351,fear
13376,neutral
13395,angry
1340,angry
13431,neutral
1350,happy
13514,sad
13533,surprise
13535,happy
1358,angry
13582,fear
13599,neutral
13607,angry
13671,fear
13672,fear
13738,angry
13758,neutral
1386,happy
13890,angry
13978,angry
14022,angry
14030,angry
14058,neutral
14108,angry
14118,happy
14120,fear
14148,neutral
14185,neutral
14206,angry
1422,sad
14243,angry
14315,angry
14329,angry
14357,angry
14376,angry
1438,sad
14381,sad
14421,angry
14438,fear
14498,angry
14557,neutral
1460,angry
14706,angry
1477,surprise
14775,neutral
14821,happy
14831,angry
14870,neutral
14945,neutral
15074,fear
1508,angry
15138,angry
15172,fear
15190,happy
15194,angry
15217,fear
15222,angry
15295,angry
15474,angry
15500,sad
15502,neutral
1555,neutral
15562,angry
15637,angry
15644,fear
15654,fear
15699,angry
157,disgust
15709,neutral
15712,fear
15715,surprise
15725,disgust
1575,disgust
15771,happy
1582,neutral
15820,sad
15821,sad
15835,angry
1584,angry
15848,neutral
15897,neutral
15919,angry
15941,angry
15954,sad
15979,angry
16033,neutral
16102,surprise
16169,sad
16222,fear
16233,angry
16287,happy
16292,angry
16380,angry
16406,angry
16410,angry
16413,angry
16428,angry
16506,surprise
16510,surprise
16557,angry
16565,fear
16643,sad
16659,sad
16681,sad
16711,happy
1672,sad
16764,fear
16768,happy
16783,happy
16792,angry
16875,angry
16999,angry
17024,happy
17053,neutral
17085,sad
17099,angry
17167,disgust
1717,angry
17170,neutral
17186,angry
17209,happy
17211,angry
17228,sad
17259,neutral
17316,sad
17344,angry
1736,neutral
17371,sad
17413,disgust
17428,fear
17445,sad
17452,neutral
17502,angry
17536,angry
17647,angry
17700,sad
17705,angry
17731,angry
17735,happy
17736,angry
17752,neutral
17787,happy
17910,disgust
17939,angry
18001,neutral
18050,neutral
18140,happy
18142,angry
18161,surprise
18166,surprise
18183,angry
18200,happy
18247,sad
1825,neutral
18254,angry
18284,disgust
18376,angry
18380,surprise
1841,angry
18415,angry
18445,angry
18459,fear
18466,angry
18492,angry
18534,neutral
18565,neutral
18566,angry
18588,angry
18593,angry
18602,happy
18617,angry
18633,angry
18695,fear
18715,angry
18779,angry
1880,angry
18810,angry
18837,angry
18882,angry
18903,happy
18949,happy
18983,angry
1899,sad
18994,angry
19014,angry
19060,sad
19067,neutral
1908,fear
19093,angry
19108,angry
19114,neutral
19115,disgust
19140,surprise
19152,happy
19268,angry
19292,neutral
19309,neutral
19392,neutral
19476,disgust
19477,neutral
19485,fear
1966,angry
19664,happy
19732,fear
19811,sad
1983,sad
19832,angry
19877,angry
19906,neutral
19923,angry
1994,sad
19950,neutral
19961,happy
2006,neutral
20222,angry
20227,neutral
20287,surprise
20290,angry
20298,angry
20303,sad
20312,neutral
20328,angry
20353,angry
20374,angry
20451,fear
2050,fear
20505,neutral
20532,fear
2055,surprise
20629,angry
20630,neutral
20635,angry
20640,happy
20653,fear
20673,angry
20686,angry
20736,angry
20739,neutral
20796,angry
20817,neutral
20849,neutral
21068,sad
21099,neutral
21111,angry
21131,angry
21135,neutral
21161,happy
2117,surprise
21173,angry
21284,angry
21371,sad
21374,happy
2142,neutral
21447,surprise
21472,angry
21511,angry
21512,fear
21520,neutral
21541,neutral
21573,fear
21670,neutral
21703,happy
21723,neutral
21782,angry
21836,neutral
21865,angry
21916,angry
21921,sad
21922,happy
2194,angry
22089,angry
22183,neutral
22184,happy
22198,angry
2225,happy
22309,fear
22334,sad
22375,sad
22516,angry
22695,angry
22733,angry
22739,angry
22789,neutral
22807,neutral
22810,sad
22832,happy
2290,sad
22990,sad
23,angry
23008,sad
23041,neutral
23059,angry
23085,happy
23164,angry
23194,angry
23215,neutral
23230,angry
23246,angry
23327,angry
23404,fear
23468,fear
23473,happy
23488,happy
23521,neutral
23532,angry
23749,angry
23780,angry
23783,surprise
23814,angry
23847,angry
23886,angry
24067,happy
2407,neutral
24071,angry
24176,fear
24184,angry
24252,fear
24378,sad
24412,angry
24428,sad
24435,fear
24437,sad
24441,neutral
24466,angry
24490,happy
245,angry
24501,sad
24542,sad
24660,surprise
24678,angry
24711,angry
24789,angry
24797,angry
24819,angry
24821,surprise
2484,angry
2486,happy
2487,angry
24886,sad
249,angry
24959,surprise
24967,neutral
2498,neutral
24992,neutral
25082,angry
25088,sad
251,neutral
25101,angry
2511,angry
25131,fear
25144,angry
25209,happy
25255,neutral
25343,sad
25360,neutral
25435,happy
25528,angry
25542,happy
2557,angry
2558,surprise
25612,angry
25681,neutral
25688,sad
25778,happy
25795,neutral
2581,neutral
25811,angry
25813,angry
25844,sad
25874,angry
25876,angry
25886,angry
25891,neutral
259,happy
25944,angry
25973,happy
26025,neutral
26038,angry
26059,angry
26121,neutral
26124,happy
26137,happy
26163,happy
26175,fear
26177,angry
26181,neutral
26185,angry
26248,happy
26264,fear
26267,sad
26337,angry
26344,angry
26437,neutral
26446,neutral
26462,neutral
26572,angry
26597,sad
26618,neutral
26620,angry
2668,angry
26725,fear
26789,sad
26845,happy
26860,fear
26886,angry
26899,angry
26900,angry
26919,angry
26928,angry
26956,angry
27016,angry
27022,angry
27054,surprise
2709,neutral
2712,fear
27284,neutral
27296,angry
27385,angry
27413,neutral
27464,angry
27483,angry
27544,angry
2762,happy
27652,angry
2770,disgust
27704,happy
27715,angry
27726,happy
27744,neutral
27770,angry
27777,neutral
27798,angry
27828,happy
2791,angry
27967,angry
27982,angry
28015,neutral
28058,angry
28062,happy
28120,angry
28144,surprise
28148,sad
28149,neutral
28207,angry
28248,angry
28288,angry
28300,angry
28401,angry
28438,angry
28498,happy
28509,angry
28543,angry
28547,angry
28560,angry
28585,angry
28614,angry
28618,neutral
28620,angry
28660,angry
28707,surprise
28720,angry
28731,angry
28737,surprise
28743,angry
28749,angry
28800,happy
28840,neutral
28867,angry
28884,neutral
2890,happy
28932,happy
28952,angry
29085,sad
29119,angry
29132,angry
29202,angry
29266,surprise
29319,neutral
2933,angry
29414,angry
29471,neutral
29477,neutral
29493,angry
29523,angry
29527,sad
29554,angry
29571,angry
29581,angry
29588,angry
29614,neutral
29669,fear
29685,angry
29730,angry
298,happy
29818,angry
29866,happy
29929,neutral
29931,neutral
29947,angry
29977,sad
29980,neutral
30002,angry
30004,neutral
30015,happy
30024,angry
30058,angry
30059,neutral
30082,angry
30085,angry
30171,angry
3021,happy
30260,neutral
30273,sad
30290,neutral
30305,angry
30320,neutral
30325,angry
30394,angry
30415,angry
30420,surprise
30456,angry
30458,neutral
30460,angry
30490,neutral
30509,neutral
30535,angry
30563,neutral
30584,surprise
30619,happy
30901,angry
30933,sad
30944,happy
3099,angry
31033,sad
31042,angry
31081,neutral
31083,neutral
31138,fear
31142,surprise
31203,angry
3121,sad
3137,angry
31491,angry
31529,happy
31544,fear
31609,happy
31635,neutral
31693,sad
31703,fear
3176,neutral
31849,fear
3186,angry
31873,angry
3188,happy
31928,angry
32023,angry
32024,angry
32153,fear
32161,happy
32223,happy
32231,angry
3226,angry
32278,disgust
32281,neutral
32298,angry
32336,neutral
32352,angry
32367,fear
32454,neutral
32464,fear
32473,angry
3248,disgust
32481,angry
32506,surprise
32512,angry
32575,neutral
32584,sad
32617,sad
32662,happy
32755,angry
32777,angry
33015,angry
3303,fear
33105,angry
33131,angry
33221,angry
3327,fear
33301,happy
33308,angry
3334,happy
33352,angry
33444,fear
33450,happy
33459,neutral
33494,angry
33560,happy
33573,neutral
33633,angry
33666,fear
3370,angry
33729,angry
3377,neutral
338,angry
33809,angry
33829,angry
33890,neutral
33924,happy
33926,angry
3393,sad
33935,disgust
33977,angry
33987,sad
33998,angry
34036,happy
34040,angry
3412,angry
34138,happy
34151,angry
34175,neutral
34178,surprise
34184,angry
34238,angry
34259,neutral
34352,neutral
34359,surprise
34363,angry
34448,sad
34474,happy
3449,angry
34507,neutral
34581,angry
34592,angry
34596,sad
34620,angry
3467,fear
34714,angry
34778,angry
34879,surprise
35009,angry
35010,surprise
35028,sad
35041,angry
35059,angry
35145,sad
35149,happy
35162,happy
35210,disgust
3522,neutral
35261,happy
35298,sad
35407,angry
35425,angry
35439,angry
35447,fear
35514,happy
3558,sad
3564,angry
35669,neutral
35681,angry
35682,fear
35731,angry
35753,neutral
35805,fear
35809,angry
35820,angry
35828,fear
35881,angry
35884,neutral
3599,sad
3632,angry
377,sad
38,angry
3802,angry
3819,sad
3839,happy
3862,angry
3870,happy
3913,sad
4015,angry
404,sad
4060,neutral
4077,angry
4100,fear
4196,neutral
4229,happy
4306,angry
4317,neutral
4324,fear
4349,fear
4384,angry
4396,angry
4397,sad
4459,sad
4468,angry
4502,angry
4579,angry
4616,angry
4637,neutral
4660,sad
4665,angry
4670,neutral
4700,neutral
4751,fear
4807,surprise
4878,sad
4937,sad
5010,angry
5060,angry
5064,neutral
521,angry
5220,angry
5233,angry
5244,angry
5259,surprise
5312,sad
5317,neutral
5400,angry
5422,surprise
5432,angry
5434,angry
5459,angry
5519,sad
5564,angry
5570,angry
5582,angry
5607,angry
5610,neutral
5637,happy
5732,angry
5739,fear
5780,angry
5810,angry
5822,angry
5859,happy
5883,angry
5888,happy
589,angry
5902,angry
5962,angry
6009,angry
6017,angry
6075,angry
608,sad
6088,angry
6119,angry
6129,angry
6155,surprise
6225,surprise
6232,angry
624,sad
6274,angry
6278,angry
6283,angry
6321,neutral
633,surprise
6347,angry
6364,neutral
6365,neutral
6375,angry
6390,angry
6420,angry
6426,happy
6471,surprise
6484,disgust
65,neutral
654,happy
6547,angry
6555,surprise
6561,angry
6566,neutral
6580,angry
6581,angry
6584,surprise
6618,angry
6621,sad
665,angry
6652,happy
6726,happy
6739,neutral
6745,neutral
676,neutral
6766,angry
6809,surprise
6890,sad
6923,angry
6955,angry
6965,angry
7015,angry
7056,angry
7103,neutral
7136,angry
7174,angry
7219,neutral
7257,angry
7261,neutral
727,angry
7284,angry
7291,happy
7409,angry
7492,disgust
7550,happy
7559,fear
7589,happy
764,sad
7655,angry
7668,neutral
7729,happy
7777,angry
7793,disgust
7811,sad
7886,neutral
7919,sad
7937,neutral
7979,angry
8000,angry
8001,angry
8052,angry
8096,neutral
8103,neutral
8130,angry
8151,angry
816,fear
8267,neutral
8275,angry
8299,angry
8402,fear
842,angry
854,angry
8555,neutral
8581,neutral
8593,angry
861,angry
8661,sad
8685,angry
8719,sad
8734,happy
8902,neutral
8916,neutral
8969,angry
9012,angry
9059,sad
9100,angry
9156,angry
9266,angry
9293,angry
9331,angry
9400,fear
9567,surprise
9615,angry
966,angry
9691,happy
9698,neutral
9715,angry
9748,angry
9785,angry
9802,sad
9811,neutral
9862,fear
9884,happy
9931,happy
10053,disgust
10435,sad
10532,angry
1115,disgust
11222,disgust
11529,disgust
11639,disgust
12417,disgust
12753,disgust
13372,fear
13597,disgust
13652,angry
13847,angry
14041,surprise
14869,sad
14954,sad
14958,happy
15110,sad
16021,happy
16054,fear
16121,disgust
16264,angry
16718,disgust
17260,angry
18077,neutral
1843,fear
18464,happy
18716,angry
19649,fear
19734,neutral
19770,disgust
19801,neutral
19831,neutral
20761,disgust
21744,happy
21765,disgust
21851,fear
22320,disgust
2275,fear
23141,disgust
23153,sad
23665,angry
23876,angry
24578,neutral
25267,angry
25538,neutral
25541,happy
26859,happy
2732,sad
2742,disgust
28332,angry
28390,surprise
28710,angry
28987,angry
29158,neutral
29269,disgust
30347,sad
30428,disgust
30499,neutral
30601,disgust
30719,disgust
30761,disgust
30907,happy
3101,happy
31232,angry
31323,disgust
31796,neutral
31828,disgust
32487,neutral
32681,happy
33209,neutral
33284,disgust
33561,disgust
33670,angry
33995,disgust
34022,angry
34432,disgust
34505,sad
34519,disgust
3521,surprise
35376,disgust
35580,disgust
3690,angry
3778,disgust
4002,sad
4004,sad
4265,fear
4312,angry
4481,angry
4737,sad
5085,angry
533,disgust
573,disgust
6231,disgust
6926,disgust
7068,disgust
7192,disgust
7405,fear
7455,disgust
7592,disgust
7835,disgust
807,angry
8415,happy
8585,disgust
8726,fear
8893,disgust
8948,angry
9043,sad
9297,disgust
9460,sad
9504,sad
10029,neutral
10043,happy
10044,happy
1008,fear
10099,angry
101,surprise
10189,neutral
10263,angry
10267,surprise
10278,angry
10292,sad
10355,fear
10409,happy
10437,sad
10443,sad
10445,sad
10458,fear
10489,fear
10493,surprise
10534,surprise
1075,fear
10758,sad
1079,sad
10797,fear
10832,neutral
10933,fear
10944,happy
10968,neutral
10979,fear
11030,fear
11036,angry
11039,happy
11054,surprise
11057,neutral
11104,neutral
11112,fear
11137,surprise
11143,fear
11146,sad
1116,neutral
1128,fear
1133,neutral
11353,fear
11360,happy
1137,surprise
11381,happy
11412,angry
11416,happy
11471,fear
11536,surprise
1154,neutral
11559,neutral
11587,neutral
11653,fear
11682,fear
11687,fear
1169,neutral
11704,surprise
11706,neutral
11727,angry
11729,angry
11747,happy
11754,neutral
11774,neutral
11816,angry
11855,angry
11904,sad
1193,surprise
11944,fear
11968,surprise
11999,sad
12063,neutral
12125,happy
12255,happy
12259,happy
12313,fear
12334,angry
12350,surprise
12383,happy
12431,surprise
12440,neutral
12472,neutral
12496,sad
12527,fear
12578,fear
12592,neutral
12634,angry
12674,neutral
12676,angry
12698,surprise
12712,neutral
12737,surprise
12809,sad
12891,sad
12948,surprise
12986,angry
12988,sad
13067,neutral
13071,neutral
131,neutral
13114,neutral
13121,neutral
13152,fear
13179,sad
13233,neutral
1325,neutral
13250,angry
13252,neutral
13301,happy
13306,angry
13308,fear
13310,angry
13362,disgust
13394,happy
13405,sad
1343,angry
13482,sad
13486,sad
13518,fear
13549,surprise
13561,surprise
13585,angry
13587,happy
13593,neutral
13596,fear
13638,sad
13664,surprise
1367,fear
13683,sad
13694,fear
13798,surprise
13855,fear
1389,happy
13899,neutral
13913,angry
13921,happy
13928,surprise
13933,neutral
13939,fear
13965,angry
13971,happy
1401,sad
14011,fear
14033,neutral
14037,fear
14044,neutral
14057,fear
14082,surprise
1410,angry
14114,happy
14117,fear
14268,fear
1429,neutral
14306,sad
1441,sad
14444,neutral
14452,fear
14509,angry
14529,surprise
14551,surprise
14605,disgust
14620,angry
14637,fear
1465,angry
14722,sad
1474,neutral
14744,sad
14747,angry
14786,sad
14789,fear
148,fear
1485,surprise
14891,fear
14987,fear
15001,neutral
15012,happy
15040,angry
1506,neutral
15088,sad
15134,fear
15191,sad
15198,fear
15260,fear
15268,fear
15279,sad
15280,angry
1534,happy
15503,angry
15539,neutral
15544,surprise
15578,sad
15615,surprise
15622,sad
15663,neutral
15668,fear
15678,angry
1576,neutral
15778,fear
15859,angry
15870,angry
15881,surprise
15921,angry
15950,angry
15984,angry
1599,fear
15999,sad
16039,fear
1606,sad
16071,fear
16113,neutral
16134,fear
16226,fear
16277,fear
16318,fear
16330,disgust
16346,surprise
16374,surprise
16395,sad
16429,neutral
16440,surprise
16450,surprise
16486,fear
16489,sad
16501,fear
16503,sad
16523,neutral
16539,sad
1654,fear
16559,happy
1657,sad
1660,fear
16609,sad
16632,fear
16674,surprise
16775,surprise
16788,surprise
16802,fear
16811,neutral
16830,fear
16915,sad
16930,fear
16954,neutral
16977,happy
16990,sad
17105,sad
17107,angry
17114,fear
17180,fear
17191,fear
17213,angry
17217,neutral
1722,surprise
17236,fear
1727,angry
17314,fear
17334,sad
17369,neutral
17449,angry
17479,angry
17503,surprise
17550,sad
17558,sad
1756,fear
17587,fear
17631,sad
17668,angry
17685,neutral
17707,sad
17710,fear
17762,happy
17816,sad
17831,neutral
17834,happy
17901,angry
17930,surprise
17932,angry
17934,neutral
1796,sad
1799,neutral
18006,happy
18010,fear
18068,sad
18073,fear
18104,surprise
18106,angry
18108,surprise
18117,angry
18148,neutral
18203,angry
18291,fear
18299,fear
18309,surprise
18317,sad
18325,angry
18336,fear
18364,neutral
1838,fear
18404,fear
18513,sad
18517,happy
18523,sad
18527,fear
18542,fear
18569,angry
1857,neutral
18574,angry
18641,angry
18713,sad
1873,fear
18753,disgust
18757,sad
18763,fear
18905,neutral
18908,fear
18911,surprise
18960,fear
18974,angry
18976,fear
18984,happy
19000,neutral
19020,surprise
19064,fear
19089,sad
19119,sad
19188,fear
19216,neutral
19226,surprise
19235,surprise
19252,sad
1929,angry
19349,neutral
1939,neutral
19454,neutral
19473,disgust
19497,angry
19559,angry
19599,disgust
19612,happy
19644,neutral
19682,neutral
19740,surprise
19754,happy
19810,happy
19841,angry
1986,surprise
19888,surprise
19896,angry
19897,neutral
19995,fear
200,neutral
20037,surprise
20058,neutral
20062,happy
20083,fear
20135,sad
20194,sad
20214,neutral
20265,fear
20337,neutral
20411,neutral
20424,angry
20450,fear
20461,fear
2047,sad
20476,angry
20495,angry
20508,surprise
20526,happy
20579,fear
20598,happy
20617,neutral
20715,angry
20831,sad
20843,fear
20851,sad
20897,sad
20970,sad
2098,sad
21,fear
21070,fear
21101,angry
21102,surprise
21227,fear
21230,sad
21250,fear
21269,happy
21280,happy
21352,fear
21360,fear
21387,sad
21420,angry
21464,sad
21499,happy
21500,sad
21556,sad
21559,surprise
21598,surprise
21615,neutral
21654,fear
21686,fear
21697,happy
2178,surprise
21833,fear
21858,fear
21877,fear
21946,angry
21967,fear
22050,sad
22074,surprise
22102,happy
22130,fear
22166,fear
2226,fear
22326,surprise
22349,fear
224,surprise
22458,happy
22485,sad
22520,surprise
22607,neutral
22640,sad
22662,fear
22756,neutral
22791,sad
22827,fear
22839,fear
22840,surprise
22917,neutral
22944,angry
22988,fear
22997,happy
23038,sad
23083,angry
23100,surprise
23126,fear
23142,happy
23184,angry
23192,sad
23209,happy
23260,fear
23305,surprise
23332,sad
23362,neutral
23368,surprise
23389,neutral
23403,fear
23427,happy
23447,neutral
23463,fear
23477,angry
23517,angry
23540,surprise
23561,angry
23566,surprise
2357,angry
23718,surprise
23731,angry
23767,fear
23778,sad
2378,fear
23791,fear
2391,sad
24016,sad
24035,neutral
24088,fear
24089,fear
24131,neutral
2416,happy
24165,sad
24185,angry
24213,neutral
24220,angry
2426,fear
24452,sad
24479,neutral
24482,happy
24539,sad
24554,angry
24562,surprise
24579,sad
24621,fear
24625,fear
24694,angry
24721,happy
24753,sad
24763,fear
24778,surprise
24822,happy
24880,fear
24948,fear
24963,neutral
24978,sad
24991,neutral
25045,angry
25046,fear
25061,angry
25074,surprise
25108,neutral
25109,sad
25133,surprise
25162,happy
25191,neutral
25202,sad
25220,happy
25242,sad
25247,sad
25298,happy
25306,angry
25327,happy
25359,angry
25439,happy
25481,neutral
25496,neutral
25555,sad
25570,surprise
25577,sad
25590,sad
25605,disgust
25621,fear
25638,sad
25647,angry
25710,fear
258,neutral
25820,fear
25914,fear
2592,neutral
2593,sad
26082,fear
26091,happy
26097,angry
26131,fear
26210,happy
26250,angry
26275,angry
26283,angry
26363,sad
26377,neutral
26385,fear
26394,angry
264,fear
26402,angry
26409,surprise
2641,fear
26454,disgust
26469,surprise
2651,fear
2657,surprise
26582,sad
26726,fear
2681,sad
26842,angry
26895,fear
26916,surprise
26927,fear
26973,fear
26980,fear
270,fear
27006,angry
27077,sad
27094,neutral
27098,fear
27103,angry
27145,angry
27300,surprise
27308,fear
27359,surprise
27363,happy
27369,sad
27488,neutral
27503,angry
27509,happy
27591,sad
27635,fear
27709,sad
27764,fear
27772,fear
27806,neutral
27846,sad
27868,fear
27889,surprise
2789,sad
27899,fear
27910,angry
27937,sad
28050,angry
28101,angry
28189,sad
28210,angry
28243,fear
28267,fear
28308,fear
28331,fear
28417,disgust
28453,surprise
28503,surprise
28515,surprise
28548,surprise
2858,sad
2860,angry
28627,disgust
28701,neutral
28704,fear
28724,angry
28729,angry
28734,angry
28859,angry
29005,happy
29026,fear
29027,angry
29043,surprise
2906,sad
29068,fear
29126,happy
29152,sad
29219,fear
2927,surprise
29284,fear
29285,sad
29291,fear
29315,angry
29327,sad
29349,surprise
29389,angry
29478,sad
29528,fear
29536,sad
29603,angry
29629,happy
29674,fear
297,angry
29701,fear
29709,surprise
29713,fear
29720,neutral
29731,neutral
29733,neutral
29735,neutral
29738,neutral
29795,happy
29869,fear
2987,happy
29871,neutral
2988,surprise
29892,neutral
29912,neutral
29924,angry
29990,neutral
3000,happy
30062,happy
30074,sad
30196,fear
30206,sad
30237,sad
30253,happy
30316,sad
30333,fear
3036,neutral
30482,happy
30564,neutral
3057,sad
30594,surprise
30638,sad
30735,angry
30774,happy
30798,happy
3087,sad
30936,angry
31007,neutral
31105,angry
31107,happy
31116,fear
3112,fear
31130,fear
31157,fear
31159,surprise
31188,fear
3124,fear
31286,neutral
31330,surprise
31341,angry
31357,surprise
31375,angry
31395,sad
31398,surprise
314,neutral
31421,sad
31461,sad
31526,fear
31535,angry
31569,fear
31625,surprise
31638,fear
31655,sad
3170,surprise
31738,neutral
31782,fear
31821,fear
31855,fear
31860,fear
31866,happy
31903,fear
31916,fear
31940,fear
31954,neutral
31973,neutral
31979,sad
32076,fear
32097,neutral
32103,neutral
32180,neutral
32279,surprise
32323,surprise
32349,neutral
32351,angry
32438,happy
32461,surprise
32463,fear
32485,fear
32507,neutral
32551,fear
32569,fear
32619,neutral
32623,sad
32642,sad
32682,sad
32688,angry
3269,surprise
32692,sad
32696,surprise
32758,angry
32766,sad
32799,fear
32829,neutral
32876,fear
32879,neutral
32889,fear
32931,angry
32940,surprise
32941,neutral
32946,fear
3296,angry
3297,disgust
32996,angry
33007,angry
33051,sad
33097,fear
3314,neutral
33215,sad
33258,sad
33299,fear
33358,angry
33390,angry
33410,angry
33419,happy
33440,surprise
33490,neutral
33519,sad
33535,sad
33548,neutral
33559,angry
33587,angry
33608,angry
33617,fear
33644,happy
33673,surprise
33674,fear
33701,neutral
33718,neutral
33806,angry
33855,fear
3391,fear
33919,angry
33940,happy
340,sad
3402,fear
34024,surprise
34063,neutral
3409,fear
34097,fear
341,fear
34100,neutral
34117,fear
34120,sad
34143,fear
34201,fear
34277,neutral
34325,fear
34356,fear
34382,fear
34396,angry
34415,angry
34462,fear
34465,fear
34522,neutral
34545,happy
34613,fear
34656,happy
34659,sad
34675,fear
3472,neutral
34730,sad
34755,surprise
34878,neutral
34897,disgust
34968,sad
34972,happy
35022,angry
35120,angry
35151,surprise
35202,disgust
35207,happy
35230,angry
35238,surprise
35250,fear
35257,disgust
35279,neutral
35322,neutral
35334,angry
35362,angry
35363,fear
35394,sad
35410,sad
35427,sad
35453,fear
35541,neutral
35592,surprise
35629,angry
3565,angry
35697,fear
35709,angry
3584,neutral
35851,neutral
3601,surprise
3645,sad
365,angry
3709,neutral
3714,neutral
3719,surprise
3722,surprise
3736,fear
3739,sad
3742,sad
3783,neutral
3785,neutral
3836,happy
3837,angry
3985,fear
4033,surprise
4040,disgust
4064,fear
4098,sad
414,fear
418,angry
4200,fear
4217,neutral
4234,neutral
4296,fear
4308,fear
4316,neutral
4340,fear
4411,fear
4453,fear
4516,fear
452,happy
4523,fear
454,sad
4540,fear
4547,angry
460,fear
4650,surprise
4821,fear
483,sad
4858,surprise
4901,happy
4917,neutral
4975,surprise
4979,sad
4986,sad
500,sad
5023,fear
504,surprise
507,surprise
5074,fear
5097,sad
5117,angry
5184,sad
5222,surprise
5253,fear
5263,fear
5283,fear
5360,happy
538,sad
546,sad
5472,neutral
5514,surprise
5567,neutral
5622,fear
5638,neutral
5654,happy
5717,neutral
5736,surprise
5809,surprise
5858,sad
5957,angry
5961,fear
5989,happy
5992,fear
6035,neutral
6037,fear
6054,happy
6059,happy
6062,neutral
6064,surprise
6091,fear
6106,neutral
6152,sad
6153,neutral
6176,angry
6179,fear
6214,surprise
6311,angry
6345,neutral
6346,happy
6366,surprise
6469,happy
6495,fear
6515,disgust
6608,fear
6732,angry
6747,neutral
6808,fear
6814,angry
6876,neutral
689,happy
6902,happy
6909,fear
6973,fear
6988,fear
7027,sad
7038,fear
7102,sad
712,neutral
7129,surprise
7146,sad
7150,fear
7158,surprise
7182,surprise
7270,happy
7271,angry
729,sad
73,angry
7302,surprise
7305,happy
7350,happy
7394,neutral
741,fear
7517,angry
7542,fear
7580,neutral
7681,disgust
7684,sad
7748,fear
7749,fear
7756,fear
7786,happy
7819,fear
7846,sad
7875,angry
7894,neutral
794,neutral
7980,happy
8035,surprise
8040,fear
8043,fear
8067,happy
8119,sad
8163,neutral
8177,happy
8178,fear
8239,happy
8350,fear
8433,fear
8454,neutral
8474,angry
8481,happy
85,sad
8556,neutral
859,happy
8611,fear
8637,fear
8645,surprise
8672,fear
872,fear
8754,fear
8795,happy
8797,happy
8818,surprise
886,angry
9037,surprise
9040,angry
9101,neutral
911,fear
9179,neutral
9205,fear
9232,neutral
9251,fear
9261,happy
9281,sad
9302,sad
9333,neutral
9369,surprise
9370,angry
9474,fear
949,sad
9602,fear
9606,surprise
9842,angry
9898,angry
10019,sad
10023,sad
10074,happy
10096,happy
10106,happy
10126,neutral
10138,happy
10141,surprise
1020,sad
10218,happy
10237,happy
10248,happy
10257,happy
1027,happy
10273,neutral
10276,happy
10312,happy
10317,happy
10344,happy
10362,happy
10367,happy
10370,happy
10432,happy
10456,sad
10467,happy
10468,happy
10480,happy
10528,happy
10540,happy
10552,happy
1056,happy
10571,sad
1058,happy
10622,happy
10638,neutral
10640,happy
10644,happy
10647,happy
10683,happy
10703,sad
1074,happy
10770,happy
10773,happy
10792,happy
1081,happy
10811,happy
10841,happy
10879,happy
10903,happy
10935,sad
10956,happy
10992,happy
11019,happy
1111,surprise
11150,happy
11208,neutral
1121,happy
11236,happy
1130,fear
11345,happy
11349,happy
11392,happy
1141,fear
11500,happy
11508,happy
11516,happy
1152,fear
11530,happy
11549,angry
11552,happy
11558,happy
11573,happy
11575,happy
11588,happy
1159,angry
11594,happy
11604,angry
11614,happy
11637,surprise
11646,happy
11658,happy
11717,happy
11733,happy
11763,happy
11766,happy
11772,sad
11785,happy
11793,happy
11808,happy
11814,happy
11819,happy
11835,surprise
11842,happy
11850,happy
11885,happy
11927,happy
12011,happy
1202,happy
12024,neutral
12098,angry
12120,happy
12129,neutral
12141,happy
12191,happy
12239,happy
12257,happy
12284,happy
12321,happy
12329,happy
12349,happy
12359,happy
12376,happy
12379,neutral
12381,angry
12410,fear
1246,happy
12487,happy
12492,angry
12497,surprise
12557,happy
12560,happy
12581,happy
12600,happy
12611,happy
12672,happy
12705,sad
12725,happy
12729,neutral
12772,happy
12776,happy
12789,neutral
12861,happy
12904,happy
12936,disgust
12951,happy
12956,happy
12957,happy
13037,surprise
13073,happy
1309,happy
13105,happy
13108,sad
13127,neutral
13139,happy
13151,sad
1316,happy
13204,happy
13228,happy
13283,happy
13317,surprise
13322,happy
1334,angry
13348,happy
13353,happy
13363,happy
13366,fear
13385,happy
1341,happy
13427,happy
13428,happy
13449,happy
13456,happy
13476,happy
13502,happy
13526,sad
13528,happy
13570,happy
13584,happy
13590,happy
13615,happy
13618,happy
13655,happy
13703,happy
13706,neutral
13715,happy
13757,happy
13761,neutral
13792,happy
13802,happy
1381,happy
13833,happy
13848,happy
13874,happy
13877,happy
139,neutral
13911,happy
13912,surprise
13925,happy
1395,fear
13955,neutral
13968,surprise
13969,happy
13991,happy
14063,happy
14092,happy
141,happy
14139,happy
14152,surprise
14155,sad
14169,happy
14236,neutral
14278,happy
14282,happy
14292,happy
14310,happy
14314,happy
14327,happy
14348,sad
14360,happy
14371,happy
14378,happy
14419,fear
14427,disgust
14448,neutral
14473,happy
14475,happy
14516,happy
14517,sad
14518,sad
14546,happy
14586,happy
14593,happy
14611,happy
14700,happy
14730,happy
14757,happy
14759,sad
14792,happy
14877,happy
1491,happy
14965,happy
14973,angry
15039,happy
15060,happy
15077,neutral
15099,happy
1512,happy
15147,neutral
15181,happy
15212,happy
15216,angry
15221,happy
15229,happy
15257,neutral
15269,happy
15271,happy
15292,happy
15310,happy
15323,happy
15331,happy
15335,happy
1538,happy
15397,happy
15400,happy
15409,happy
15426,angry
15432,happy
15438,happy
15443,happy
15455,happy
15494,neutral
15520,happy
15523,surprise
15589,happy
15616,happy
15621,happy
15677,happy
15708,happy
15758,happy
15767,happy
15791,surprise
15843,happy
15854,happy
15885,sad
15910,happy
15966,fear
15976,happy
15983,happy
16037,angry
16042,happy
16064,happy
16076,happy
16081,happy
16106,angry
16108,happy
16120,happy
16141,happy
16192,happy
16198,happy
16238,happy
16275,happy
1628,happy
16308,happy
16370,happy
16375,happy
1640,happy
16407,happy
16423,happy
16444,happy
16460,sad
16511,neutral
16550,happy
16562,surprise
16583,happy
16588,happy
16596,angry
16604,happy
16611,happy
16619,surprise
16633,happy
16649,happy
16667,happy
16699,happy
167,happy
1670,neutral
16700,neutral
16712,sad
16734,happy
16738,happy
16751,angry
16752,sad
16759,happy
16770,happy
16795,happy
16799,happy
16809,happy
16818,happy
16952,happy
16967,happy
16971,fear
1699,happy
17002,surprise
17007,happy
17010,neutral
17021,happy
17022,happy
17032,sad
1704,happy
17041,happy
1707,sad
17098,happy
17104,fear
17117,happy
17188,happy
17194,happy
17207,happy
17220,happy
17319,happy
17367,neutral
17381,happy
17397,angry
17402,happy
17447,happy
17462,happy
17470,surprise
17484,happy
17485,happy
17494,sad
17498,happy
17506,sad
17524,happy
17541,happy
17543,happy
17552,happy
17609,happy
17624,happy
17654,happy
1768,happy
17682,happy
17684,happy
17692,happy
17694,happy
17698,happy
1770,happy
17715,happy
17772,happy
17799,happy
17802,sad
17821,happy
1787,fear
17904,happy
1793,happy
17936,happy
18016,happy
18018,happy
18025,neutral
18033,happy
18037,happy
18080,happy
18082,angry
1815,angry
18165,happy
18173,happy
18205,happy
18226,happy
18237,happy
18245,happy
18249,fear
18250,happy
18256,happy
18259,surprise
18297,happy
18308,happy
18383,happy
18405,happy
18424,neutral
18425,happy
18442,happy
18443,happy
18471,happy
18476,happy
18483,happy
18487,happy
18503,happy
18505,neutral
18531,happy
18541,surprise
18556,happy
18568,neutral
18578,happy
18655,happy
18662,happy
1869,happy
187,happy
18700,happy
18729,happy
18783,angry
18822,happy
18827,happy
18834,happy
18835,happy
18849,happy
18861,happy
1887,happy
18873,happy
18885,happy
18898,happy
18904,surprise
18930,happy
18944,happy
18948,happy
18952,happy
19008,happy
19012,happy
19025,sad
19056,happy
19062,happy
19063,happy
19074,sad
19105,happy
19127,neutral
19130,happy
19132,happy
19137,happy
19148,happy
19160,happy
19162,happy
1919,happy
192,surprise
1920,happy
19210,happy
19245,happy
19263,happy
19269,happy
19284,happy
19291,neutral
19317,happy
19318,happy
19323,happy
19346,happy
19357,neutral
19370,happy
19377,happy
19378,sad
1938,happy
19398,happy
19402,neutral
19438,happy
19449,happy
19478,happy
19492,happy
19496,happy
19499,angry
19514,happy
1953,happy
19536,happy
19548,happy
19568,happy
19589,happy
19597,happy
196,happy
19600,happy
19605,sad
19668,happy
19680,happy
19696,happy
19700,neutral
19709,happy
19711,sad
1974,happy
19744,neutral
19747,happy
19748,happy
19768,happy
19803,sad
19837,happy
19883,happy
19889,happy
19918,sad
19957,happy
19958,angry
19962,happy
19968,happy
2001,happy
20023,happy
20025,happy
20032,happy
20039,angry
20048,happy
20091,happy
20111,happy
2012,sad
20120,happy
20122,happy
20140,happy
20155,sad
20165,happy
20181,neutral
20196,happy
20208,fear
20213,happy
20216,surprise
20218,happy
20229,happy
20239,fear
20252,happy
20267,happy
20285,happy
20296,neutral
20318,happy
20355,happy
20365,happy
20371,fear
20377,happy
20412,happy
20430,happy
20445,happy
20490,angry
20500,happy
20507,happy
20519,happy
20547,happy
20561,happy
20567,happy
2058,happy
20580,angry
20595,happy
20616,happy
2064,happy
20666,happy
20675,neutral
20684,happy
20685,happy
2069,happy
20745,happy
20821,happy
20829,happy
20850,happy
20857,happy
20865,happy
20866,happy
20889,happy
20918,happy
20941,happy
20945,happy
20949,happy
20958,happy
20972,sad
20984,happy
20988,happy
20994,happy
210,happy
21006,sad
21027,happy
21033,happy
21077,angry
21097,happy
21098,happy
21120,happy
21143,happy
21177,happy
21185,happy
2120,happy
21200,neutral
2122,happy
21235,sad
21292,happy
213,happy
21305,happy
21316,happy
21348,happy
2135,happy
2137,happy
21376,happy
21384,happy
21394,happy
21439,neutral
21441,happy
21460,happy
21473,happy
21483,angry
21501,angry
2152,sad
21524,happy
21538,happy
21574,happy
2159,happy
21593,happy
21602,happy
21605,happy
21618,happy
21699,happy
21708,happy
21750,happy
21778,sad
21783,happy
21787,happy
2182,happy
21825,neutral
21835,happy
2184,happy
21846,happy
21876,neutral
21899,happy
21927,happy
21942,fear
21943,happy
21961,neutral
21990,fear
2204,fear
22056,neutral
22064,neutral
22080,happy
22097,happy
22111,neutral
22138,sad
22140,happy
22150,happy
22154,happy
22178,angry
22179,happy
22191,happy
22194,happy
22201,happy
22247,happy
22289,neutral
22290,happy
22301,surprise
2231,happy
22340,happy
22346,happy
22347,happy
22351,fear
22380,happy
22388,happy
22395,happy
22424,happy
22459,happy
22466,happy
22506,happy
22532,happy
22545,happy
22560,happy
22574,happy
22600,happy
22604,happy
22612,happy
22614,happy
22671,happy
22679,happy
22711,happy
22750,happy
22754,sad
22763,happy
22778,happy
22784,happy
22804,happy
22805,happy
2282,happy
22834,happy
2284,angry
22863,neutral
2287,happy
22894,happy
22900,happy
22910,happy
2293,happy
22935,neutral
22991,happy
23028,happy
2305,happy
2307,happy
2308,happy
23096,happy
23101,happy
23114,happy
23122,happy
23170,angry
23238,happy
2324,angry
2327,happy
23293,sad
23319,happy
23320,happy
23321,happy
23334,happy
23377,happy
23380,happy
23381,happy
23419,happy
23440,happy
23453,happy
23462,happy
2350,happy
23501,happy
23525,happy
23555,happy
23559,neutral
23572,happy
23590,happy
23612,happy
23621,neutral
23664,happy
23667,happy
2374,happy
2377,happy
23770,happy
23786,neutral
23801,happy
23813,happy
23848,happy
23862,happy
23865,neutral
23866,happy
23891,happy
23897,happy
23920,happy
23933,angry
23946,neutral
24027,happy
2403,happy
24054,neutral
24055,happy
24077,neutral
24079,happy
24099,happy
2411,angry
24123,happy
24137,happy
24148,fear
24161,happy
24189,happy
24200,happy
2421,happy
24211,happy
24219,happy
24224,happy
2424,happy
24241,happy
24259,surprise
24263,fear
24286,sad
24289,happy
24292,happy
24297,happy
24299,happy
24340,fear
24354,happy
24355,happy
2436,neutral
24360,happy
24380,happy
24390,happy
24391,surprise
24393,neutral
24395,happy
24410,sad
24465,happy
24492,angry
2450,happy
24509,happy
24521,happy
24530,happy
24535,happy
24536,happy
24570,angry
24607,fear
24633,happy
24652,happy
24656,happy
24680,neutral
24692,happy
24699,happy
247,happy
24718,happy
2472,happy
24731,sad
24747,happy
24764,happy
24769,happy
24777,happy
24783,happy
24823,happy
2483,happy
24845,happy
24884,happy
24906,happy
24910,happy
2492,neutral
24942,happy
24946,happy
25006,happy
25017,happy
25028,happy
25037,sad
25039,happy
25048,angry
25058,neutral
25123,happy
25163,happy
25180,angry
25186,sad
25199,happy
25223,sad
25271,happy
25275,happy
25287,happy
25322,happy
25328,happy
25337,happy
25342,happy
25383,angry
25396,happy
25414,happy
25420,happy
25431,happy
25438,sad
25443,sad
25454,angry
25472,happy
25517,happy
25533,happy
2554,happy
2556,happy
25578,happy
2559,happy
25602,happy
25604,happy
25649,happy
25652,happy
25658,surprise
25686,happy
25705,happy
25714,happy
25719,neutral
25720,happy
25744,happy
25747,happy
25759,happy
25775,happy
25809,neutral
25839,happy
25887,happy
25902,happy
25927,surprise
25937,happy
25949,happy
25993,happy
26018,happy
2603,angry
26032,happy
26034,happy
26046,happy
26077,happy
26098,happy
26107,happy
2611,happy
26159,happy
26160,happy
26169,happy
2620,happy
26212,happy
26224,fear
2629,happy
26338,happy
26370,happy
26397,happy
2640,happy
26456,happy
26459,happy
26468,happy
26477,happy
2649,happy
26511,happy
2655,angry
26563,happy
26578,angry
26660,happy
26665,happy
26667,fear
26676,happy
26703,happy
26720,surprise
26736,happy
26775,happy
2678,happy
26819,happy
26840,happy
26850,surprise
26873,fear
26888,happy
26891,happy
26906,happy
26909,happy
26913,happy
26935,happy
26960,happy
26963,happy
26967,happy
26978,happy
26981,happy
27048,happy
27051,happy
27105,neutral
27106,happy
27128,happy
27140,happy
27152,happy
27162,happy
27172,happy
27187,happy
27196,happy
27197,happy
27204,neutral
27212,happy
27227,happy
27246,happy
27277,happy
27294,happy
2730,happy
27326,happy
27333,happy
27334,happy
27365,happy
27367,happy
27404,angry
27407,sad
27426,happy
27446,happy
2745,happy
27452,happy
27474,happy
27508,happy
2754,happy
27554,neutral
27563,happy
27575,happy
27616,sad
27619,happy
27625,happy
27636,happy
27645,happy
27647,neutral
27648,happy
27662,sad
27671,happy
27675,happy
27701,happy
2771,happy
2774,happy
27779,happy
27823,angry
27854,happy
2790,neutral
27928,happy
27931,happy
27932,happy
27940,happy
27944,happy
27949,happy
2796,happy
28040,happy
28046,neutral
2805,happy
2806,surprise
2810,happy
28105,happy
28108,surprise
28115,happy
28138,happy
28140,happy
2816,happy
2820,happy
28249,happy
28256,neutral
28264,happy
28273,happy
28282,happy
28367,happy
28376,neutral
28379,happy
28383,surprise
28415,neutral
28474,happy
28502,happy
28522,happy
28529,happy
2857,happy
28581,happy
28590,happy
28594,happy
28600,happy
2861,happy
28632,happy
2867,happy
28676,happy
28688,angry
28772,surprise
28797,happy
28807,happy
28814,fear
2885,happy
28871,happy
28897,angry
28928,happy
28934,happy
28938,happy
28949,happy
28954,happy
28955,happy
28962,angry
28963,happy
28982,happy
29003,neutral
29019,happy
29020,sad
29067,happy
29071,angry
29074,happy
29111,happy
29123,happy
2913,happy
29185,happy
29211,happy
29214,neutral
29248,happy
29258,happy
29290,angry
2930,happy
29300,happy
29329,happy
29365,angry
29370,happy
2938,happy
29398,happy
29415,happy
29423,neutral
29456,happy
29460,happy
29464,happy
29467,happy
29475,happy
2948,surprise
29504,happy
29555,happy
29578,happy
29589,happy
29645,happy
29647,happy
29648,happy
29649,happy
2965,happy
29680,happy
29697,happy
29699,surprise
29707,sad
29724,happy
29766,angry
29769,happy
29773,happy
29821,happy
29834,happy
29844,fear
2985,happy
29889,happy
29919,happy
29979,happy
29981,angry
29987,happy
29991,happy
30,happy
30006,happy
30016,happy
30069,neutral
30099,happy
3010,happy
30102,happy
30114,happy
30119,happy
30127,happy
30143,neutral
3016,happy
30164,happy
30188,happy
30193,happy
30216,happy
3022,happy
30221,happy
3024,happy
30241,happy
30245,happy
3029,happy
30297,neutral
30328,happy
30332,happy
30337,happy
30338,happy
30341,neutral
30400,happy
30407,happy
30424,happy
30478,happy
30585,happy
30646,happy
30651,happy
30652,happy
30661,neutral
30675,happy
30683,happy
30689,happy
3069,happy
30704,angry
30728,sad
30737,happy
30738,surprise
30749,happy
3077,happy
30772,happy
30779,happy
30793,neutral
30808,neutral
30820,happy
30822,surprise
30823,happy
30825,happy
3083,happy
30830,happy
30835,surprise
30851,happy
30855,happy
30856,neutral
3086,happy
30871,happy
30893,surprise
30909,neutral
30948,happy
30951,happy
30961,fear
30962,happy
30965,happy
30981,happy
31010,surprise
31029,angry
31043,happy
31056,happy
3106,happy
31080,happy
31101,happy
31112,angry
31137,happy
31140,happy
31141,happy
31145,angry
3117,happy
3120,happy
31209,happy
31239,happy
31285,happy
31295,angry
3131,happy
31316,happy
3132,happy
31366,happy
3138,happy
31384,happy
3144,happy
31440,happy
3146,happy
31542,happy
31551,happy
31571,happy
31572,happy
3162,happy
31627,happy
31629,happy
31659,happy
31697,happy
31742,happy
31752,happy
31806,sad
31811,angry
3182,happy
31833,happy
31853,happy
31858,happy
31870,happy
31897,happy
31908,happy
31929,surprise
31952,surprise
31977,happy
31987,happy
32046,happy
32047,happy
32048,happy
32051,angry
3209,happy
32142,happy
32144,happy
3215,sad
32177,happy
32248,happy
32344,happy
32354,surprise
32372,happy
32377,neutral
32382,angry
32388,happy
32402,happy
32439,happy
3245,sad
325,happy
3250,happy
32541,happy
32544,happy
32568,happy
32570,angry
32574,happy
32595,happy
3260,fear
32607,happy
32614,happy
32624,happy
32627,happy
32684,fear
32725,happy
32763,happy
32769,happy
32773,happy
3278,happy
32796,happy
32826,happy
32835,happy
32837,sad
32838,happy
32849,neutral
32913,happy
32917,happy
32950,happy
32952,happy
32953,happy
32958,angry
32973,happy
32993,happy
32997,happy
32998,happy
33016,angry
33017,happy
33024,happy
33046,happy
33065,happy
33066,angry
33071,happy
33084,happy
33091,happy
33094,happy
331,happy
3313,happy
33144,happy
33174,happy
33175,happy
3318,sad
33188,happy
33212,happy
33216,happy
33228,happy
33231,happy
33240,happy
33268,happy
33283,happy
333,happy
33319,happy
33320,neutral
33322,happy
33326,surprise
33343,neutral
33357,happy
33366,happy
33375,happy
33407,happy
33423,happy
33455,happy
33460,happy
33463,happy
33518,happy
33525,happy
33530,happy
33533,happy
33544,fear
33564,happy
33610,happy
33648,surprise
33660,happy
33675,happy
33690,happy
33727,happy
33757,happy
33762,happy
33802,happy
33807,neutral
33842,happy
33853,happy
33874,happy
33915,neutral
33917,happy
33933,happy
33938,happy
33981,happy
34015,happy
34049,happy
34057,happy
34098,happy
3410,fear
34102,happy
3411,happy
34119,happy
34129,happy
3414,happy
34170,happy
34219,happy
3422,happy
34226,happy
34234,fear
34244,happy
34257,happy
34295,happy
34302,happy
3431,happy
34316,happy
34361,happy
34375,happy
34386,happy
34397,sad
34412,happy
34435,happy
34437,happy
34464,happy
34468,happy
3447,happy
34471,fear
34483,happy
34498,happy
34510,neutral
3452,happy
34567,happy
34569,angry
34585,happy
34599,happy
34600,happy
34644,happy
34645,happy
34649,happy
3465,happy
34688,fear
34720,happy
34724,happy
34737,happy
34753,happy
34756,happy
34759,happy
34761,happy
34768,neutral
34772,happy
34829,happy
34836,happy
34840,happy
34841,happy
34861,happy
34941,angry
34965,happy
34969,happy
34978,happy
35101,neutral
35117,happy
35142,happy
35153,happy
35163,happy
35177,angry
35199,happy
35200,happy
35209,happy
35226,neutral
35291,happy
35321,angry
35341,sad
35346,happy
35364,happy
35369,neutral
35370,angry
35372,happy
3538,happy
3543,happy
35454,happy
35481,happy
35497,happy
35520,neutral
35536,happy
35547,happy
35552,fear
35559,surprise
35582,happy
35598,happy
356,happy
35603,happy
35659,angry
35664,neutral
35677,happy
35685,happy
35698,happy
3570,surprise
35707,happy
35721,happy
35724,disgust
3574,fear
35767,happy
35771,happy
35787,sad
35792,happy
35794,happy
35804,happy
35850,happy
35856,happy
35860,happy
35869,happy
3590,happy
3647,happy
366,happy
3662,happy
3663,happy
370,angry
3755,neutral
3763,happy
3766,neutral
3772,neutral
3811,happy
3818,happy
3842,happy
3875,happy
3891,angry
3906,happy
3958,angry
3959,neutral
3969,disgust
3977,fear
3978,happy
3982,sad
4029,happy
4041,happy
4084,happy
4090,happy
4094,happy
41,neutral
4107,happy
4114,surprise
4133,surprise
4156,neutral
4159,happy
4165,happy
4169,happy
4174,happy
4182,happy
4185,happy
4226,neutral
4248,happy
4264,happy
4269,happy
4284,happy
4295,neutral
4345,surprise
4363,happy
4366,neutral
440,happy
4433,sad
446,surprise
4480,happy
4485,neutral
4492,happy
4506,fear
4526,happy
4549,happy
4558,happy
4576,happy
4580,neutral
4589,happy
4606,happy
4607,happy
4620,happy
4634,happy
4640,happy
4649,happy
4653,happy
4666,neutral
478,sad
4786,happy
4791,happy
4797,happy
4803,angry
4814,happy
4827,happy
4832,happy
4849,happy
485,neutral
487,happy
4910,happy
4948,neutral
4980,happy
4988,happy
4996,happy
5006,happy
5008,neutral
5048,happy
5062,happy
5089,happy
5102,happy
5127,happy
5154,neutral
5176,happy
5209,happy
5264,happy
5269,happy
527,happy
5278,happy
5279,happy
5289,happy
5293,happy
5303,happy
531,happy
5318,happy
5340,happy
5356,neutral
5417,happy
5445,happy
5452,happy
5468,happy
5477,happy
5490,neutral
5493,happy
5523,happy
553,happy
5548,sad
5558,neutral
5594,happy
5618,happy
5674,happy
568,happy
5694,happy
5705,happy
5714,happy
5719,happy
5753,happy
5766,neutral
5783,happy
5797,happy
5800,happy
5807,happy
5812,happy
5835,happy
5857,happy
5891,happy
5904,sad
5919,happy
594,happy
5942,happy
5954,happy
5968,happy
5977,happy
5988,happy
6029,happy
6045,happy
6052,happy
6095,happy
6110,happy
6123,happy
613,neutral
6136,angry
6169,happy
6175,happy
6183,happy
62,happy
620,happy
6206,happy
6217,happy
6246,happy
6272,happy
628,happy
629,happy
6368,happy
6378,happy
639,angry
6394,happy
6403,happy
6416,happy
6444,happy
6457,happy
6473,happy
6500,happy
6522,happy
6532,sad
655,neutral
657,happy
6577,happy
659,happy
6603,surprise
6616,angry
6677,angry
6686,happy
6689,happy
6691,happy
6700,happy
6703,happy
674,sad
6744,neutral
6759,happy
6776,angry
6784,happy
6792,neutral
681,neutral
6811,happy
6818,happy
6865,happy
690,happy
6914,happy
6928,surprise
693,neutral
6935,happy
6977,happy
6989,happy
7017,neutral
7020,happy
7026,happy
7029,happy
7065,happy
7080,happy
7100,surprise
7116,happy
7159,happy
7162,happy
7191,happy
7200,happy
721,happy
7244,happy
7245,happy
7292,angry
7299,neutral
7333,happy
7335,happy
7366,happy
7379,fear
738,happy
7392,happy
7413,happy
7425,happy
7441,fear
7511,happy
7531,happy
7532,happy
7537,angry
7548,angry
7561,happy
7590,happy
7603,happy
7659,angry
7664,happy
7672,happy
7674,happy
7680,happy
7700,happy
7702,happy
7712,happy
7713,happy
7737,happy
774,surprise
7753,happy
7762,happy
7804,happy
7813,fear
7815,happy
7827,happy
7845,happy
7881,happy
7892,angry
7905,happy
7916,fear
7948,happy
7975,happy
7986,happy
8,happy
80,happy
8020,happy
8027,happy
8034,happy
8049,happy
8065,happy
8082,happy
8086,happy
8089,happy
817,happy
8188,happy
8228,happy
8268,happy
8276,happy
8284,angry
8293,fear
8301,happy
8303,happy
8316,happy
8322,sad
8331,happy
8334,happy
8338,happy
8355,happy
8424,happy
8434,neutral
8449,happy
8457,happy
8473,happy
8539,happy
8548,happy
8559,happy
856,happy
8649,sad
8657,happy
8662,happy
8677,happy
8682,happy
8691,fear
8704,happy
873,happy
8753,happy
8756,happy
8762,neutral
880,angry
8820,happy
8861,happy
8864,happy
8886,surprise
8915,happy
8940,happy
895,neutral
8960,happy
897,happy
898,happy
8993,surprise
9005,sad
906,happy
9060,happy
9070,happy
9071,happy
9085,happy
9094,happy
9147,happy
915,fear
9152,happy
9167,fear
9174,happy
9180,happy
9202,happy
9206,happy
9222,happy
9246,fear
9272,happy
9286,happy
9371,happy
9392,happy
9412,sad
9416,happy
942,happy
9437,happy
9442,happy
9476,happy
9486,happy
951,happy
9538,happy
9542,sad
9570,happy
9571,surprise
9598,angry
9599,surprise
9605,happy
9640,happy
9687,happy
973,happy
9774,happy
9800,happy
9833,happy
9845,happy
9865,happy
9890,happy
9893,happy
9897,sad
9901,angry
9933,angry
9977,happy
9979,happy
9984,happy
10033,neutral
10048,happy
10068,neutral
10117,angry
10118,sad
10134,neutral
10150,happy
10247,angry
10266,neutral
10346,angry
10406,angry
1045,happy
10512,neutral
10518,neutral
10533,neutral
10535,neutral
10549,sad
10624,neutral
10634,angry
10653,neutral
10676,sad
10693,neutral
10715,disgust
10741,happy
10774,neutral
10787,sad
10902,sad
10906,sad
10916,angry
10926,happy
1093,neutral
1094,neutral
1101,neutral
11022,sad
11032,surprise
11034,neutral
11038,fear
11055,happy
11065,neutral
11098,neutral
11108,neutral
11130,sad
11168,neutral
11180,happy
112,neutral
11213,neutral
11218,angry
11233,sad
11251,angry
1126,neutral
11269,neutral
11277,neutral
11278,sad
11317,neutral
11358,sad
11390,angry
11395,happy
1142,neutral
11448,happy
11462,neutral
11491,neutral
11518,neutral
11560,sad
11603,surprise
11654,surprise
11660,neutral
11686,neutral
11689,neutral
11725,happy
11738,sad
11783,neutral
11818,neutral
11823,neutral
11834,neutral
11872,neutral
11875,angry
11889,neutral
1189,angry
11913,neutral
11928,neutral
11977,happy
12042,neutral
1206,angry
12090,neutral
12096,sad
12100,neutral
12106,surprise
12116,happy
12117,neutral
12162,sad
12173,neutral
1220,neutral
12202,surprise
12215,neutral
1222,happy
1227,neutral
12272,neutral
12289,happy
12319,neutral
12361,neutral
12363,neutral
12366,sad
12407,neutral
12423,neutral
1248,sad
12500,angry
12508,neutral
12519,sad
12569,angry
12647,neutral
12801,fear
12852,neutral
12869,neutral
12879,neutral
12885,angry
12933,neutral
12976,neutral
1300,happy
13047,sad
1313,neutral
13161,neutral
13164,neutral
13188,neutral
13212,happy
13237,surprise
13242,neutral
1328,angry
13337,happy
1336,neutral
1339,neutral
13409,happy
13411,neutral
13424,neutral
13430,neutral
13433,happy
13441,neutral
13467,sad
13498,neutral
135,neutral
13531,happy
13586,neutral
13603,sad
13619,neutral
13633,neutral
13644,neutral
13653,fear
13670,happy
13692,neutral
13695,neutral
13800,sad
13808,neutral
13825,surprise
13834,happy
13843,happy
13897,neutral
13909,happy
14047,happy
1407,neutral
1411,neutral
14113,neutral
14135,sad
14154,neutral
14170,neutral
14174,neutral
14175,sad
14187,neutral
14190,happy
14224,happy
14342,neutral
14352,neutral
14362,angry
14406,neutral
14436,neutral
14481,sad
14487,neutral
14495,surprise
14496,neutral
14513,sad
14542,neutral
14550,happy
14564,happy
14641,neutral
14645,happy
14671,neutral
14703,neutral
14717,neutral
14741,sad
14859,happy
14867,neutral
14929,neutral
1493,neutral
14957,neutral
14980,neutral
15007,fear
15013,fear
15044,neutral
15070,neutral
15102,neutral
15106,angry
15120,neutral
15121,angry
15132,fear
15168,neutral
15193,happy
15207,happy
15210,sad
15220,neutral
15248,neutral
15293,neutral
15333,fear
15334,happy
15350,neutral
15366,neutral
15387,neutral
15405,surprise
15441,surprise
15445,sad
15459,sad
15529,fear
15536,happy
15568,happy
15570,happy
15611,angry
15634,surprise
15638,fear
15651,angry
15686,happy
15713,neutral
15716,fear
15717,sad
1572,fear
15721,neutral
15824,neutral
15847,neutral
15890,neutral
15904,sad
15932,sad
15963,sad
16019,happy
16094,fear
16101,neutral
16143,happy
16196,happy
16257,sad
16324,neutral
16329,neutral
16350,angry
16363,happy
16389,fear
16419,neutral
16463,angry
16464,happy
16476,neutral
16478,neutral
16508,fear
1656,neutral
16569,sad
16570,sad
16575,neutral
16685,fear
1669,happy
16696,neutral
16714,neutral
1675,neutral
16817,neutral
16823,neutral
1683,neutral
16845,neutral
1685,angry
16860,happy
1688,angry
16890,neutral
16964,happy
16969,neutral
16989,sad
17015,neutral
17018,neutral
17028,neutral
17131,neutral
1716,happy
17163,neutral
17212,neutral
17231,neutral
17251,angry
17267,neutral
17273,sad
17276,neutral
17295,sad
17318,angry
17345,angry
17359,neutral
1737,neutral
1738,fear
17417,neutral
17424,angry
17538,happy
17555,angry
17563,sad
17582,neutral
1759,neutral
17598,neutral
17695,angry
17702,happy
17790,neutral
17815,neutral
17837,neutral
1785,angry
17886,neutral
17973,happy
17980,happy
18035,neutral
18130,angry
18168,angry
18181,neutral
1819,fear
18208,angry
18223,neutral
18281,angry
18288,sad
1830,angry
18301,happy
18312,neutral
18321,neutral
18339,neutral
1835,neutral
18388,neutral
18389,neutral
18431,neutral
18469,sad
18497,neutral
18545,neutral
18554,neutral
18658,neutral
18687,angry
18703,sad
18708,neutral
18725,happy
1874,fear
18778,neutral
18791,neutral
18803,neutral
18825,neutral
18909,sad
1892,neutral
18926,neutral
1897,neutral
18973,happy
18986,happy
19009,happy
19131,neutral
19181,neutral
19204,neutral
19214,sad
19234,neutral
19259,happy
19329,angry
19340,neutral
19373,neutral
19390,neutral
19411,neutral
19435,neutral
19495,fear
19533,neutral
19549,happy
19571,neutral
19581,fear
19590,neutral
19591,neutral
19609,neutral
19615,neutral
19643,happy
1972,neutral
19793,happy
19797,neutral
19829,neutral
19855,sad
19863,neutral
1988,happy
19953,happy
19983,neutral
19993,happy
20008,happy
20019,neutral
20028,angry
20036,fear
201,neutral
20150,neutral
20157,neutral
2019,happy
20223,neutral
20257,neutral
20272,sad
20274,neutral
20289,neutral
20360,neutral
20372,neutral
20416,neutral
20432,surprise
2044,neutral
20514,angry
20517,neutral
2053,angry
20549,neutral
20588,sad
20603,surprise
20621,neutral
20665,neutral
20670,angry
2068,neutral
20680,sad
20737,angry
20814,neutral
20833,sad
20856,sad
20875,neutral
20892,sad
20893,angry
20933,neutral
20948,neutral
21025,sad
21030,angry
21092,angry
21104,happy
21150,happy
21166,sad
21167,neutral
21199,sad
21210,neutral
21265,fear
21311,neutral
21314,angry
2133,happy
21337,neutral
21351,sad
21377,neutral
21386,neutral
21393,angry
21404,happy
21451,happy
21455,happy
21470,neutral
21475,neutral
2149,neutral
21557,neutral
2156,neutral
21589,neutral
21638,sad
21658,neutral
21663,neutral
21695,neutral
217,neutral
2172,happy
21730,neutral
21752,fear
21794,sad
21812,angry
21817,neutral
21822,neutral
21852,neutral
21862,neutral
21880,neutral
21962,neutral
21971,neutral
22023,happy
22028,neutral
2207,neutral
22088,neutral
22091,happy
22095,neutral
22123,neutral
2216,neutral
2223,neutral
22267,neutral
2227,neutral
22292,neutral
22325,neutral
22336,neutral
22354,sad
22357,fear
22403,happy
22410,neutral
22442,neutral
22457,fear
22482,neutral
22508,sad
22517,neutral
22571,angry
22576,neutral
22587,neutral
22617,fear
22627,neutral
22655,neutral
22688,neutral
22691,sad
22720,neutral
2273,sad
22774,neutral
22787,neutral
2279,happy
22820,neutral
22867,neutral
22886,neutral
22916,surprise
22924,neutral
22974,sad
22987,sad
22992,neutral
23012,neutral
2303,fear
23039,neutral
23057,angry
23103,neutral
23119,neutral
23167,neutral
23172,sad
23186,neutral
23204,neutral
23216,happy
23224,happy
23244,neutral
23272,happy
23291,happy
23343,neutral
23348,sad
23396,neutral
23457,neutral
23470,neutral
23487,happy
23565,sad
23609,neutral
23623,angry
23634,neutral
23666,neutral
23691,neutral
23722,neutral
23725,neutral
23741,happy
23794,neutral
23858,fear
23869,neutral
23929,happy
24003,fear
24051,neutral
24065,fear
24101,neutral
24104,neutral
24105,neutral
24156,neutral
24175,neutral
24182,angry
24187,neutral
24232,sad
2427,surprise
24347,neutral
24358,angry
2443,happy
24443,neutral
24531,happy
24573,neutral
24575,neutral
2458,happy
24725,neutral
24768,neutral
24774,disgust
24779,neutral
24785,neutral
24798,happy
24815,angry
24820,neutral
24877,neutral
24912,neutral
24931,fear
24962,neutral
24964,sad
25007,happy
25018,surprise
25021,sad
25078,neutral
25089,neutral
25099,neutral
2510,neutral
25151,neutral
25295,sad
25318,sad
2535,happy
25372,happy
25391,neutral
25401,neutral
25409,sad
25451,neutral
25497,fear
25507,happy
25520,neutral
25537,neutral
25573,sad
25593,neutral
25615,sad
25627,happy
25635,happy
2564,neutral
25668,fear
25678,neutral
25682,neutral
25685,neutral
25695,neutral
25701,sad
25723,neutral
25743,neutral
25773,neutral
25797,neutral
25800,neutral
25810,neutral
25818,sad
25841,sad
2588,happy
25895,neutral
25915,happy
25919,neutral
25969,happy
25978,surprise
25979,neutral
25994,fear
26016,happy
26023,happy
26041,angry
26049,angry
26056,happy
26067,neutral
26069,happy
26081,fear
2613,neutral
26134,sad
26161,neutral
26187,happy
26190,neutral
26192,fear
26200,happy
26209,neutral
26223,neutral
26227,neutral
26237,sad
26318,neutral
26364,neutral
26411,happy
26453,neutral
26464,sad
26495,neutral
26539,angry
26647,neutral
26654,neutral
26682,angry
26715,neutral
26767,happy
2677,neutral
26771,angry
26833,happy
26839,fear
26851,angry
26892,happy
26901,surprise
26961,neutral
2699,angry
2710,neutral
27115,happy
27190,happy
27218,neutral
27229,happy
2727,happy
27299,neutral
273,neutral
27306,neutral
27329,happy
27405,neutral
27465,neutral
2747,neutral
2750,happy
2753,neutral
27533,neutral
27594,angry
27597,happy
2761,happy
27642,happy
27646,happy
27650,happy
27683,neutral
27692,neutral
27752,neutral
27767,sad
27864,neutral
2792,neutral
27985,neutral
27995,neutral
28005,fear
28007,happy
28014,happy
28025,neutral
28084,sad
28153,surprise
28235,neutral
28251,angry
28269,happy
28278,happy
2829,neutral
28298,neutral
28359,sad
28471,neutral
28478,neutral
28480,surprise
28493,neutral
28499,neutral
28507,fear
28517,happy
28531,neutral
28535,happy
28539,neutral
28546,neutral
28549,neutral
28642,happy
28681,happy
2871,sad
28723,neutral
28769,neutral
28782,neutral
28836,happy
28842,neutral
28846,happy
28854,fear
28951,fear
29009,happy
2901,happy
29099,fear
29129,neutral
2914,happy
29216,neutral
29246,neutral
29256,sad
29311,fear
29324,neutral
29388,neutral
29403,happy
29428,neutral
29438,sad
29484,fear
29500,neutral
29505,neutral
29525,neutral
2953,neutral
29556,neutral
29559,neutral
2957,neutral
29608,neutral
29609,happy
2962,happy
29637,neutral
29664,fear
29694,angry
29758,neutral
2978,neutral
29794,neutral
2984,neutral
29840,angry
29848,angry
29893,neutral
29916,neutral
29921,neutral
29944,neutral
2995,fear
2998,neutral
30053,happy
30121,angry
30167,happy
30197,disgust
30220,sad
30345,neutral
30346,fear
30371,sad
30374,neutral
30422,neutral
3050,neutral
3051,neutral
30530,sad
30543,neutral
30546,angry
30581,neutral
30713,neutral
30786,angry
30850,sad
30976,neutral
31057,happy
31123,happy
31132,neutral
31139,neutral
3115,neutral
31164,neutral
31189,neutral
3123,happy
31240,neutral
31257,sad
31263,neutral
31307,neutral
31332,sad
31347,neutral
31371,neutral
31373,happy
31478,happy
31483,angry
31486,fear
31546,angry
31561,happy
31591,neutral
31713,fear
3174,neutral
31774,neutral
31820,happy
31869,sad
3191,neutral
31949,neutral
31997,neutral
3204,happy
32071,neutral
32081,neutral
3221,neutral
32216,happy
32321,neutral
32330,fear
32355,happy
32360,neutral
32371,neutral
32391,neutral
32443,neutral
32445,happy
32467,neutral
3247,sad
32479,neutral
32508,neutral
32516,neutral
32547,neutral
32587,angry
32605,neutral
32636,sad
32671,angry
32683,happy
32730,neutral
3276,neutral
32778,sad
32782,neutral
32792,neutral
32817,neutral
32855,angry
32870,neutral
32905,sad
32914,neutral
32935,happy
32939,sad
32965,happy
32972,angry
32978,neutral
33005,happy
33013,happy
33022,neutral
33031,disgust
33049,surprise
33052,happy
33100,neutral
33124,neutral
33159,angry
33182,neutral
33219,neutral
33243,neutral
33255,neutral
33317,neutral
33346,happy
33381,happy
33399,neutral
33452,neutral
33468,sad
33471,neutral
33514,angry
33526,neutral
33609,sad
33642,neutral
33699,neutral
33710,surprise
3375,neutral
33785,neutral
33794,sad
33813,happy
33819,angry
33856,neutral
33858,neutral
33863,neutral
33865,neutral
33870,neutral
33880,neutral
33894,neutral
3395,neutral
33965,happy
33999,happy
34037,neutral
3404,neutral
34059,angry
34088,sad
34093,neutral
34131,sad
34161,neutral
34269,happy
34272,neutral
34279,happy
34308,neutral
34324,neutral
34335,neutral
34513,neutral
34526,neutral
34530,neutral
34539,happy
34555,sad
34598,sad
34612,neutral
34673,surprise
34685,neutral
34854,neutral
34870,neutral
34875,neutral
34920,happy
34979,neutral
3502,happy
35034,sad
35075,angry
35108,neutral
35129,sad
35183,angry
35216,happy
35229,neutral
35241,surprise
35255,angry
35267,neutral
35332,angry
3535,neutral
35356,neutral
3537,neutral
35400,neutral
35408,neutral
35484,neutral
35546,neutral
35576,neutral
35628,neutral
35657,sad
3566,neutral
35704,neutral
3575,fear
35754,neutral
35755,fear
35764,neutral
35775,surprise
35802,neutral
35852,sad
3600,fear
3610,sad
3700,neutral
3729,neutral
3792,neutral
3795,happy
3899,neutral
3909,neutral
3929,neutral
3932,neutral
3953,fear
3986,sad
405,neutral
4062,sad
4124,neutral
4137,happy
4194,surprise
4223,sad
4242,neutral
4314,angry
4328,neutral
4339,neutral
4372,happy
4380,neutral
4394,happy
44,neutral
4443,neutral
4449,neutral
449,neutral
4552,happy
4553,happy
4563,neutral
4573,neutral
4574,angry
4672,neutral
4748,neutral
4752,neutral
4770,neutral
4777,sad
4802,neutral
4825,happy
4829,happy
4868,neutral
4870,neutral
4883,neutral
4888,angry
4935,happy
4953,neutral
4998,neutral
5046,neutral
5053,neutral
5073,neutral
508,surprise
5087,happy
5110,fear
5116,sad
5170,sad
5186,angry
5258,neutral
5267,happy
5323,happy
5345,neutral
5361,sad
5385,happy
541,neutral
542,neutral
5444,happy
5446,happy
5449,angry
547,neutral
551,neutral
5527,neutral
5536,neutral
5549,neutral
5561,neutral
5591,neutral
5651,neutral
5687,neutral
5695,neutral
5708,neutral
5713,happy
5715,neutral
5724,angry
5748,angry
5749,neutral
5784,neutral
5792,neutral
5811,sad
5831,neutral
584,sad
5853,angry
5865,happy
5912,fear
5931,sad
5953,sad
596,happy
5976,happy
5984,neutral
60,neutral
601,neutral
6078,neutral
6103,neutral
615,neutral
6158,neutral
6180,sad
6193,sad
6236,happy
6343,surprise
6351,happy
6388,neutral
6397,sad
6412,neutral
644,neutral
649,sad
6502,neutral
651,fear
6527,neutral
6599,angry
662,neutral
6664,neutral
6710,fear
673,neutral
6813,neutral
6836,happy
6842,sad
6869,neutral
6891,sad
6934,fear
7008,neutral
7009,neutral
7077,neutral
7092,neutral
7110,neutral
7131,neutral
7198,neutral
7220,neutral
7239,sad
7254,neutral
7273,happy
7274,sad
7348,fear
7361,fear
7376,neutral
7398,sad
7462,happy
7466,neutral
7490,happy
7551,angry
7571,neutral
7588,neutral
7599,happy
7630,neutral
766,sad
767,neutral
7717,neutral
7755,neutral
7765,happy
7772,neutral
7773,neutral
7788,fear
7823,sad
7831,happy
7871,happy
7903,neutral
7932,neutral
7953,angry
8003,happy
8054,neutral
8076,neutral
8083,neutral
8105,neutral
8141,neutral
8179,happy
8211,happy
8216,angry
8233,neutral
8247,neutral
8262,neutral
8264,angry
8280,neutral
8295,neutral
8347,sad
8352,happy
8373,happy
838,neutral
8389,neutral
8392,neutral
841,neutral
8410,happy
8471,angry
8483,neutral
8498,neutral
8516,sad
8536,neutral
855,sad
8599,neutral
8687,neutral
8694,fear
8724,neutral
8763,neutral
8768,happy
8782,sad
8788,angry
8802,neutral
8842,sad
8862,fear
8863,surprise
8868,neutral
8880,happy
891,sad
8919,neutral
8946,neutral
8976,neutral
8980,sad
9011,neutral
9016,neutral
9046,neutral
9050,neutral
9069,happy
9099,neutral
9128,neutral
913,angry
9149,neutral
917,sad
9170,neutral
9209,fear
9221,neutral
9235,happy
9252,neutral
9273,happy
9276,neutral
9288,neutral
9292,neutral
9324,happy
9335,neutral
9355,neutral
9356,angry
9360,happy
9381,neutral
9415,neutral
9420,neutral
9434,neutral
9453,neutral
9473,sad
9477,neutral
9507,happy
9543,neutral
9611,sad
9701,happy
9712,surprise
9718,fear
9773,neutral
9803,sad
9838,neutral
9867,neutral
9874,neutral
9936,sad
9975,happy
9982,happy
9993,angry
10004,happy
1003,sad
10031,happy
10073,neutral
10114,neutral
10116,fear
10171,angry
10172,sad
10176,sad
1022,sad
10252,sad
1026,neutral
10339,sad
10352,neutral
10375,happy
10383,sad
10386,sad
10423,angry
10425,neutral
10455,angry
10561,sad
10607,neutral
10620,sad
10655,happy
10686,neutral
10694,fear
10713,neutral
10769,happy
1078,surprise
10871,sad
10881,sad
10919,fear
11025,sad
11026,sad
11031,sad
11100,happy
11138,fear
11140,happy
11163,fear
11192,neutral
11209,happy
11234,angry
11241,neutral
11264,happy
11280,neutral
11284,sad
11295,happy
11316,neutral
11346,happy
11398,happy
1148,sad
115,sad
11523,sad
1156,surprise
11581,sad
11582,sad
11601,sad
11626,angry
11640,happy
11662,neutral
11722,happy
1173,sad
11746,sad
11790,sad
11794,sad
11836,sad
11867,neutral
11876,sad
11880,neutral
11891,sad
11909,angry
11966,sad
11978,surprise
1198,angry
12040,sad
12074,sad
12092,angry
12113,fear
12119,sad
12190,sad
12246,sad
12267,angry
12318,sad
12364,angry
12498,sad
12512,sad
12524,sad
12547,neutral
12591,neutral
12594,neutral
12621,sad
1264,happy
12648,neutral
12659,neutral
12661,sad
12702,angry
12758,fear
12791,neutral
12818,sad
12827,sad
12899,happy
12958,neutral
1298,neutral
13000,angry
13027,sad
13051,fear
13091,fear
13150,surprise
13162,sad
13180,angry
13187,sad
13293,surprise
13296,sad
13339,neutral
13380,angry
13421,neutral
13483,fear
13488,sad
13505,happy
13510,happy
1353,neutral
13562,sad
13575,sad
13598,happy
13631,neutral
1364,happy
13666,sad
13714,sad
13726,sad
13793,happy
13801,angry
13812,sad
13852,sad
13870,happy
13888,neutral
13907,sad
13940,sad
13979,happy
13983,neutral
14048,fear
14070,neutral
14106,neutral
14122,surprise
14127,neutral
14136,happy
1420,sad
14208,neutral
14226,sad
14250,sad
14346,neutral
14384,happy
14388,sad
14459,fear
14464,angry
14472,sad
14474,surprise
14484,neutral
14494,happy
14505,sad
14522,happy
14524,sad
14561,happy
14572,sad
14574,fear
14578,happy
14682,happy
14696,fear
14729,angry
1482,neutral
14835,neutral
14836,angry
15052,happy
15078,sad
15090,sad
15129,neutral
15145,neutral
15167,angry
15169,fear
15192,angry
15208,angry
15289,neutral
15294,sad
1536,fear
15365,fear
15373,fear
15436,surprise
15447,neutral
15462,disgust
15468,neutral
15484,angry
1549,fear
15534,fear
15535,sad
15565,angry
15580,neutral
15592,happy
1560,happy
15613,sad
15642,sad
15657,angry
15696,happy
15697,sad
15795,angry
15867,sad
15909,angry
15929,sad
16003,sad
16010,sad
16053,angry
16056,happy
16075,neutral
16087,neutral
16125,sad
16151,happy
16208,happy
16304,neutral
16338,happy
16387,neutral
16388,neutral
16405,angry
16443,happy
1645,neutral
16475,sad
16535,neutral
16558,happy
16645,surprise
16706,sad
16710,sad
16776,angry
1678,neutral
16787,neutral
16798,fear
16821,sad
16837,neutral
16839,happy
16863,neutral
16895,sad
16938,neutral
16962,sad
16985,happy
17003,angry
17011,neutral
17100,neutral
17128,neutral
172,sad
17206,angry
17215,angry
17237,fear
17248,happy
17257,angry
17275,sad
17279,angry
17293,sad
17297,angry
17331,happy
17341,neutral
17363,sad
17426,sad
17432,angry
1751,neutral
17518,fear
17597,happy
17607,neutral
17625,sad
17662,neutral
17666,neutral
17678,angry
17713,angry
17717,surprise
1772,neutral
17730,sad
17746,sad
17763,neutral
17767,neutral
17775,neutral
1778,angry
17784,neutral
17794,happy
17887,sad
17912,happy
18047,sad
18067,sad
18101,fear
18120,fear
18180,neutral
18193,fear
18260,happy
18270,fear
18300,sad
18345,sad
18349,sad
18361,sad
18367,neutral
18381,sad
18457,happy
18475,sad
1854,sad
18550,sad
18573,neutral
18610,sad
18732,sad
18734,happy
18842,neutral
18855,neutral
18872,sad
18888,angry
18897,angry
1891,sad
18914,happy
18927,fear
1896,neutral
18962,angry
19029,sad
19049,neutral
19082,fear
19084,neutral
19095,sad
19145,neutral
19165,neutral
19179,fear
1926,sad
19274,neutral
19285,sad
19303,sad
1931,fear
19364,neutral
1937,happy
19384,fear
19422,sad
19461,angry
19470,fear
19486,sad
19531,disgust
19535,happy
19578,angry
19607,disgust
19663,angry
19674,sad
1973,sad
19731,angry
19785,angry
19799,sad
19861,angry
19864,neutral
19880,sad
19893,fear
19934,fear
19969,sad
19973,neutral
19975,sad
20,sad
20072,happy
20073,angry
20104,sad
20171,sad
20192,neutral
20193,neutral
20217,angry
20301,neutral
20313,sad
2039,sad
20395,angry
20400,sad
20468,angry
20469,angry
20511,angry
20560,angry
20563,neutral
20589,angry
20650,happy
20656,neutral
20667,angry
20750,sad
2084,neutral
20908,neutral
2091,fear
20964,sad
20979,sad
21005,neutral
21029,surprise
21036,fear
21078,sad
21082,sad
21201,neutral
21221,sad
21249,angry
21275,happy
21282,neutral
21312,sad
21324,sad
21428,sad
21434,fear
21531,angry
21535,neutral
21549,neutral
2157,happy
21632,angry
21666,neutral
21681,sad
21715,fear
21720,sad
2176,happy
21766,neutral
21769,neutral
21968,fear
21978,sad
21988,sad
22004,fear
22032,happy
22051,angry
22067,neutral
22117,neutral
22241,fear
22255,neutral
22271,happy
22319,sad
22335,fear
2238,angry
2239,sad
22390,angry
22416,sad
22419,sad
22448,neutral
22449,fear
22452,sad
22521,angry
2256,sad
22602,neutral
22619,fear
22631,surprise
22651,surprise
22690,neutral
22704,neutral
22761,fear
22765,surprise
22766,neutral
2278,neutral
22808,angry
22816,neutral
22937,neutral
22961,angry
22977,neutral
22989,sad
23054,angry
23060,angry
231,neutral
2312,angry
23220,fear
23297,happy
23304,happy
23341,neutral
23374,happy
23407,angry
23430,neutral
23452,neutral
23471,angry
23483,neutral
23507,neutral
23542,happy
23549,disgust
23562,angry
23584,fear
23601,sad
23654,angry
23658,neutral
2367,neutral
23675,neutral
23700,angry
23715,angry
23748,sad
23760,sad
23764,neutral
23779,sad
23781,sad
23792,disgust
23817,fear
23829,angry
23832,neutral
23853,sad
23884,angry
23901,happy
23905,sad
23915,happy
23945,neutral
23948,neutral
23965,sad
23968,sad
23978,angry
23991,sad
24013,sad
24057,happy
24066,neutral
24087,sad
2412,happy
24133,sad
24160,sad
24168,sad
24173,sad
2418,sad
24183,fear
24217,fear
24239,neutral
24247,sad
2431,sad
24329,neutral
24363,sad
24384,happy
24420,sad
24421,sad
24460,happy
24473,sad
2451,sad
24543,disgust
24545,sad
24582,fear
24643,sad
24664,angry
24736,angry
2476,neutral
2478,sad
2485,neutral
24881,fear
24909,neutral
24916,sad
2496,neutral
2499,neutral
2502,sad
25025,sad
25055,happy
25087,fear
25117,sad
25126,neutral
25211,neutral
25231,sad
25240,fear
25250,sad
25281,happy
2530,happy
2533,sad
25330,angry
25348,sad
25351,sad
25356,fear
25379,neutral
25381,angry
2539,happy
25410,happy
25412,angry
25425,angry
2546,fear
25510,happy
25529,sad
25576,sad
25582,sad
25597,neutral
25632,angry
25643,sad
2565,angry
25819,happy
25832,happy
25843,sad
25920,sad
25961,fear
25983,sad
25985,disgust
26005,sad
26006,angry
26040,sad
26079,neutral
2615,sad
26198,sad
26249,neutral
26269,sad
26270,happy
26292,neutral
26304,surprise
26313,sad
26321,angry
2633,sad
26339,neutral
26346,happy
2635,sad
26355,angry
26368,sad
26378,fear
26398,happy
26404,sad
26443,happy
26484,happy
26501,sad
26543,happy
26566,angry
26573,fear
26581,sad
26586,sad
26600,neutral
26612,angry
26670,sad
26675,sad
26683,fear
26702,sad
26747,neutral
26772,sad
26834,neutral
2690,happy
26959,sad
26970,sad
27005,happy
27027,sad
27035,neutral
27052,neutral
27117,neutral
27124,neutral
27258,angry
27292,sad
27305,neutral
27350,sad
27400,neutral
27410,sad
27450,happy
27461,fear
27471,neutral
2748,sad
2751,neutral
27518,sad
27522,fear
27561,neutral
27562,neutral
27576,sad
27585,sad
27588,fear
27629,fear
27681,neutral
27694,neutral
27719,neutral
27759,neutral
27776,angry
27788,neutral
27810,angry
2785,angry
27873,sad
2788,neutral
27887,fear
27913,sad
27948,fear
27993,sad
28053,neutral
28073,angry
28091,sad
28100,angry
28137,angry
28143,sad
28171,sad
28230,sad
28252,neutral
28272,sad
28294,sad
28296,sad
28396,happy
28424,surprise
28426,happy
28465,sad
28552,sad
28555,happy
28568,neutral
28596,happy
28696,sad
28700,sad
28794,sad
28895,sad
28966,sad
2902,fear
29058,sad
29082,neutral
29112,happy
29121,neutral
29150,angry
29194,fear
29226,happy
29243,angry
29295,sad
29298,fear
29305,sad
29318,sad
29322,angry
2934,neutral
29379,neutral
29383,neutral
2945,happy
2950,neutral
29529,happy
29553,sad
29561,angry
29580,angry
29585,neutral
29617,sad
29622,disgust
29627,sad
29628,neutral
29632,happy
29652,sad
29692,sad
29703,sad
29756,neutral
29757,sad
29792,surprise
29819,angry
29835,happy
29875,angry
29897,neutral
29936,sad
29937,happy
29941,neutral
29970,angry
29973,neutral
29998,sad
30001,sad
30035,neutral
30045,neutral
30056,neutral
3007,neutral
30080,fear
30094,happy
30104,sad
30118,happy
3012,sad
30144,sad
30170,neutral
30181,sad
30219,neutral
30251,surprise
30274,angry
30289,sad
30292,sad
30326,sad
30331,sad
30358,sad
30377,sad
30410,sad
30439,sad
30440,neutral
30462,sad
30541,happy
30552,happy
3056,angry
30565,happy
3059,sad
30611,sad
3075,surprise
30763,sad
30789,neutral
30817,sad
30818,neutral
30853,surprise
30867,sad
3088,angry
3094,neutral
31009,neutral
31068,surprise
31072,happy
31099,angry
31104,neutral
31113,angry
31149,neutral
3118,sad
312,sad
31248,happy
31265,sad
31328,sad
31367,fear
3139,angry
31390,happy
31409,sad
31424,happy
31506,sad
31510,surprise
31527,happy
31534,neutral
31634,sad
31643,sad
31653,fear
31663,angry
31665,neutral
31669,fear
3169,sad
31712,surprise
31720,sad
31836,sad
31857,happy
3187,sad
32005,fear
32029,disgust
3206,happy
32139,neutral
32175,neutral
32183,happy
32189,sad
32202,neutral
32268,surprise
32296,angry
32297,neutral
3235,angry
32383,neutral
32394,neutral
32422,fear
32565,angry
32580,happy
32582,neutral
32613,sad
3263,sad
32711,angry
32744,angry
32768,sad
32814,neutral
32818,disgust
32836,neutral
32843,neutral
32859,happy
32861,surprise
32898,happy
32903,angry
32911,surprise
32932,sad
32982,neutral
33089,sad
33152,neutral
33213,happy
33227,neutral
33247,happy
33276,surprise
33295,angry
33302,angry
33331,angry
33371,neutral
33373,sad
33421,sad
33492,neutral
33516,surprise
33523,sad
33538,neutral
33628,sad
33636,happy
33640,happy
33686,neutral
33691,neutral
33693,angry
33736,fear
33747,fear
3378,sad
33780,sad
33786,happy
3382,happy
33820,neutral
33936,neutral
33962,fear
33988,sad
3403,sad
34070,sad
34121,sad
34176,sad
34195,surprise
34205,neutral
34242,fear
34250,sad
3433,happy
34387,neutral
34408,sad
34413,fear
34427,angry
34477,angry
34509,sad
34533,happy
34605,neutral
34610,neutral
34629,surprise
34633,angry
34679,sad
34694,neutral
3477,happy
34788,angry
34798,happy
34799,happy
34820,neutral
34827,sad
34905,neutral
34913,sad
34917,neutral
3492,sad
34945,angry
34985,happy
34988,fear
34991,angry
350,sad
35030,neutral
35039,neutral
35043,sad
35058,sad
3506,sad
3508,sad
35116,sad
35131,sad
35148,fear
3518,fear
35192,fear
35214,surprise
35297,neutral
35318,sad
35375,sad
35386,sad
35411,sad
3546,neutral
35528,fear
35567,neutral
35605,fear
35615,happy
35639,neutral
35691,neutral
35737,happy
35768,angry
35812,sad
35873,neutral
359,angry
3634,happy
3653,sad
3661,neutral
3731,angry
3767,happy
3825,neutral
3855,neutral
3869,fear
3922,angry
3951,sad
3972,sad
3988,sad
4130,sad
4207,sad
422,sad
4233,fear
4274,angry
4381,angry
4389,neutral
4412,neutral
4415,neutral
4441,angry
4482,sad
4534,neutral
4572,neutral
4594,neutral
4596,angry
4615,angry
4624,happy
4697,happy
4714,fear
4734,sad
4736,angry
4764,fear
4771,sad
4811,sad
4860,sad
4940,fear
4951,fear
4958,happy
4987,neutral
5004,sad
505,sad
5055,angry
5056,sad
5058,neutral
5061,sad
5100,neutral
5101,sad
5107,happy
5147,neutral
5166,neutral
5177,angry
5224,neutral
5229,neutral
5374,happy
5435,surprise
5466,happy
5560,neutral
5629,neutral
5642,sad
5689,sad
5710,sad
580,sad
5836,neutral
5910,fear
5995,angry
6025,neutral
6033,neutral
6109,sad
6137,sad
6149,sad
6187,angry
6215,sad
6265,angry
6304,sad
6312,angry
6353,sad
6400,fear
6449,sad
6459,neutral
6467,sad
6492,sad
6521,angry
6529,sad
6551,neutral
6557,neutral
6563,angry
6645,sad
6660,angry
6720,neutral
6735,sad
6771,sad
680,fear
6833,sad
6860,fear
688,sad
6897,sad
6901,neutral
6904,fear
6915,neutral
6930,neutral
6957,angry
6960,neutral
6964,angry
70,neutral
7030,happy
7037,sad
7039,sad
7119,sad
7121,neutral
7165,sad
7232,neutral
7253,sad
7268,sad
7275,happy
7287,sad
7301,happy
7337,surprise
7371,neutral
7400,sad
7406,angry
7430,angry
7475,neutral
7502,sad
7536,sad
7566,sad
7569,neutral
761,neutral
7618,neutral
7623,neutral
7675,disgust
7679,happy
7724,happy
7776,fear
7806,neutral
7848,neutral
7877,fear
7878,surprise
7943,neutral
7962,sad
7963,angry
7976,sad
798,fear
800,neutral
8039,angry
8056,sad
8098,angry
8099,neutral
8102,neutral
8146,fear
8164,sad
8197,angry
8203,sad
822,fear
8223,happy
8238,fear
8252,sad
8266,disgust
8333,sad
8390,sad
8430,sad
8525,angry
8580,angry
8614,angry
8639,sad
8659,angry
8702,neutral
8718,surprise
8738,sad
8761,sad
8814,neutral
8834,angry
8851,happy
8876,sad
8892,neutral
8925,sad
8953,sad
8955,fear
8958,happy
9006,surprise
9028,sad
9066,sad
9073,sad
9082,sad
9087,fear
9119,neutral
9142,happy
9171,neutral
9219,sad
922,happy
9238,angry
9267,sad
9327,angry
9338,angry
9387,neutral
9405,happy
9454,sad
9457,neutral
9459,happy
9463,angry
9465,neutral
9498,neutral
9508,sad
9548,happy
9689,sad
9693,sad
9713,neutral
9769,happy
977,sad
98,angry
9841,sad
9864,happy
987,sad
9885,sad
9889,neutral
9923,sad
10056,surprise
10097,neutral
10162,surprise
10185,surprise
10246,surprise
10259,surprise
10268,surprise
10306,surprise
1033,surprise
10365,surprise
10372,surprise
10444,surprise
10545,surprise
10625,fear
10701,surprise
10734,surprise
10755,happy
10768,surprise
10800,surprise
10813,sad
10820,surprise
10837,surprise
10866,surprise
10909,happy
10931,fear
10950,surprise
11000,angry
11043,surprise
1107,sad
11126,happy
11139,surprise
1118,surprise
11302,surprise
11414,surprise
11418,surprise
11429,angry
11451,surprise
11466,surprise
11589,surprise
11670,surprise
11721,surprise
1176,surprise
11786,angry
11848,surprise
11865,angry
11902,surprise
12086,angry
12107,surprise
12131,fear
12134,surprise
12312,surprise
12320,happy
12338,surprise
1239,surprise
12463,surprise
12470,surprise
1249,surprise
12504,surprise
12529,fear
12551,surprise
12567,surprise
12626,surprise
12684,happy
12723,surprise
12748,surprise
12768,surprise
12903,happy
12924,happy
12960,surprise
12973,surprise
13009,neutral
13080,surprise
13101,surprise
13145,surprise
13169,sad
13203,fear
13205,surprise
13230,surprise
13288,surprise
13460,surprise
13521,surprise
13622,surprise
13684,surprise
13740,surprise
1376,surprise
13837,surprise
13876,surprise
14080,surprise
14091,angry
14115,surprise
14305,surprise
14331,surprise
14375,surprise
1449,surprise
1457,surprise
14647,surprise
14691,surprise
14697,surprise
14798,surprise
14914,surprise
14927,happy
14968,surprise
15008,angry
15034,surprise
15037,happy
15047,surprise
15101,fear
1515,neutral
15179,surprise
15238,surprise
15244,surprise
15263,neutral
15354,surprise
15378,angry
15383,surprise
15416,fear
15454,surprise
15467,surprise
15486,surprise
15487,surprise
15518,fear
15524,surprise
15527,surprise
15533,surprise
15628,surprise
15635,happy
15788,fear
15802,surprise
1583,neutral
15922,fear
15944,neutral
16110,angry
16133,surprise
16172,surprise
16229,surprise
16237,surprise
16280,surprise
16396,surprise
16415,sad
16441,surprise
16507,happy
16530,surprise
16646,angry
16666,surprise
16721,surprise
16756,neutral
16774,sad
16829,happy
16886,surprise
16901,surprise
16947,surprise
16959,surprise
16980,surprise
16995,happy
17016,surprise
17019,neutral
17027,surprise
17044,neutral
1710,angry
17137,angry
17148,surprise
17157,angry
17161,surprise
17177,surprise
17205,surprise
17245,sad
17290,surprise
17309,surprise
1735,surprise
17350,fear
17422,fear
17429,neutral
17433,surprise
1750,fear
176,surprise
17610,surprise
1764,surprise
17693,surprise
17845,surprise
17906,angry
17919,fear
17952,surprise
1800,surprise
18026,surprise
18038,surprise
18132,surprise
18198,surprise
18285,surprise
18313,surprise
18393,surprise
18436,neutral
18521,happy
18555,surprise
18577,surprise
18613,surprise
18615,sad
18619,surprise
18631,surprise
1864,surprise
18678,surprise
18706,surprise
18742,surprise
18862,surprise
18864,surprise
19051,surprise
1911,neutral
1914,surprise
19142,surprise
19177,surprise
19187,surprise
19267,surprise
19314,surprise
19362,happy
19389,neutral
19431,surprise
1945,surprise
1952,surprise
19594,surprise
19601,surprise
19650,surprise
19665,surprise
19720,happy
19755,surprise
19795,surprise
1992,surprise
19972,surprise
20041,surprise
20146,surprise
20148,surprise
20162,surprise
20167,surprise
20262,surprise
20293,surprise
20369,surprise
20373,surprise
20387,surprise
20407,surprise
20467,surprise
20573,fear
20584,surprise
20594,happy
20664,angry
20691,surprise
20786,surprise
20855,surprise
20882,surprise
2090,surprise
20935,neutral
20947,happy
20967,angry
20989,surprise
21044,surprise
21072,surprise
21074,surprise
2114,fear
21148,surprise
21151,neutral
21153,fear
21154,surprise
2119,surprise
21217,surprise
21233,happy
21239,surprise
21299,surprise
21417,surprise
2146,happy
21461,surprise
21468,surprise
21545,surprise
21570,surprise
21578,surprise
21587,surprise
2168,surprise
2173,surprise
21807,angry
21824,surprise
21834,surprise
21887,neutral
21896,fear
21906,surprise
2195,surprise
21973,surprise
21987,surprise
2200,surprise
22019,sad
22025,happy
22128,surprise
22131,surprise
22278,angry
2228,surprise
22305,surprise
22322,neutral
2234,surprise
22372,surprise
22497,surprise
22509,fear
22525,fear
22666,surprise
22741,happy
22771,surprise
22864,sad
22921,surprise
23053,surprise
23151,surprise
23155,surprise
23328,surprise
23346,happy
23386,neutral
23413,fear
23433,neutral
23661,surprise
23662,surprise
23739,surprise
23747,surprise
23751,surprise
23885,fear
23893,surprise
23917,surprise
23941,surprise
23943,neutral
23949,surprise
24022,neutral
24031,fear
24046,surprise
24050,surprise
24143,neutral
24163,surprise
24167,surprise
24174,neutral
24179,angry
24201,surprise
24291,happy
24404,surprise
24411,surprise
24415,surprise
24432,surprise
24433,surprise
2448,happy
24557,surprise
2461,surprise
24646,surprise
24668,surprise
24756,fear
24893,angry
24904,happy
24921,surprise
25010,surprise
25036,surprise
25044,surprise
25107,angry
25143,surprise
25188,surprise
25229,angry
25234,surprise
25280,surprise
2529,surprise
25319,happy
25390,surprise
25397,surprise
25402,surprise
25416,surprise
25492,sad
25539,happy
25563,surprise
25571,surprise
256,surprise
25610,surprise
25636,angry
25674,surprise
25687,neutral
25709,sad
25742,surprise
25781,surprise
25808,surprise
25906,happy
25959,surprise
26076,surprise
26087,neutral
26101,surprise
26102,surprise
26133,surprise
2619,surprise
26243,surprise
2634,happy
26452,surprise
26455,surprise
26483,surprise
26487,surprise
26500,surprise
26556,surprise
26626,happy
26708,angry
26800,happy
26825,surprise
26907,surprise
26910,surprise
26914,sad
26944,surprise
27025,happy
27039,surprise
27070,sad
27125,surprise
27165,surprise
27174,surprise
27193,surprise
27240,surprise
27270,surprise
27273,surprise
27321,surprise
27325,surprise
27328,surprise
2744,fear
27566,surprise
27577,surprise
2758,surprise
27586,surprise
2759,surprise
276,surprise
27696,surprise
27737,neutral
27756,happy
27774,surprise
27803,surprise
27916,neutral
27919,sad
27926,surprise
27933,surprise
27973,fear
27979,surprise
2803,happy
28076,surprise
28082,angry
28130,surprise
28182,surprise
28219,neutral
28236,neutral
28287,surprise
28328,surprise
28335,neutral
28342,fear
2835,surprise
2837,surprise
28370,fear
28421,surprise
28441,surprise
28448,fear
28476,surprise
28482,surprise
28501,surprise
28525,surprise
28639,surprise
28653,surprise
28666,fear
28667,surprise
28727,surprise
28803,angry
2886,neutral
28864,surprise
28901,surprise
29038,neutral
29110,surprise
29118,surprise
29164,surprise
29205,neutral
29225,surprise
29276,surprise
29283,surprise
29354,sad
2949,happy
29515,surprise
29516,neutral
29537,surprise
29540,surprise
29542,happy
29551,surprise
29557,neutral
2956,surprise
29568,neutral
29618,surprise
29619,surprise
29677,happy
29690,surprise
29796,surprise
29797,surprise
29803,sad
29884,happy
29954,surprise
3002,surprise
30173,fear
30174,surprise
30184,surprise
30190,surprise
30336,surprise
30537,surprise
30620,surprise
30625,surprise
30628,surprise
30714,surprise
30726,surprise
30811,surprise
3084,happy
30943,surprise
30989,surprise
31005,surprise
31054,surprise
31097,surprise
31102,surprise
31194,surprise
31198,surprise
31206,surprise
31223,surprise
31353,surprise
31364,surprise
31533,surprise
31563,surprise
3157,surprise
31631,happy
31662,surprise
31775,surprise
31781,surprise
31784,surprise
31799,surprise
31814,surprise
31826,surprise
31872,surprise
31882,surprise
31899,surprise
31953,surprise
31961,surprise
32069,surprise
32132,surprise
32165,fear
32179,surprise
3223,surprise
3224,fear
32243,fear
32308,surprise
32315,surprise
32324,surprise
32334,surprise
32365,surprise
32395,surprise
32405,surprise
32420,surprise
32432,surprise
32510,surprise
32530,happy
32630,surprise
32695,sad
32727,sad
32734,surprise
32753,surprise
32756,fear
32894,neutral
32968,neutral
32979,surprise
330,surprise
33039,fear
33055,surprise
33072,neutral
33079,angry
33147,surprise
33180,surprise
33290,surprise
33316,surprise
33329,surprise
33364,surprise
33376,surprise
33378,surprise
33405,neutral
33411,surprise
3354,surprise
336,surprise
33667,surprise
33677,surprise
33745,surprise
33759,surprise
33789,surprise
33800,happy
33879,surprise
3392,happy
33993,surprise
33997,surprise
34004,surprise
34034,surprise
34039,surprise
34072,neutral
34087,neutral
34134,surprise
34162,surprise
34212,happy
3423,surprise
34237,surprise
34252,neutral
34288,fear
34385,fear
34400,surprise
34416,surprise
34439,surprise
3445,neutral
34546,fear
34557,surprise
34664,surprise
34674,surprise
34722,sad
34787,surprise
34813,surprise
34844,surprise
34904,surprise
34926,surprise
34984,surprise
34986,surprise
35049,surprise
35063,surprise
35083,surprise
35084,neutral
35118,surprise
35121,angry
35144,surprise
35154,surprise
35156,neutral
35194,surprise
35201,surprise
35212,surprise
35237,surprise
35276,happy
35355,surprise
35384,surprise
35387,surprise
35399,surprise
35511,surprise
35524,surprise
35530,happy
35608,neutral
35644,happy
35684,surprise
35688,surprise
35757,surprise
35790,surprise
35823,neutral
35833,surprise
35857,surprise
35872,neutral
3603,fear
3607,surprise
3635,surprise
3675,surprise
3691,surprise
3756,fear
3765,surprise
3858,surprise
3874,happy
3878,surprise
3925,surprise
4036,surprise
4072,sad
4076,surprise
4080,fear
4086,surprise
413,surprise
4199,sad
4243,surprise
4289,surprise
4347,surprise
435,surprise
4352,angry
438,surprise
4390,fear
4431,surprise
4486,surprise
4513,surprise
4536,surprise
4570,happy
4621,surprise
4636,surprise
4657,happy
4685,surprise
4698,surprise
4793,neutral
4895,surprise
4912,fear
5037,surprise
5077,surprise
51,angry
5138,surprise
5178,fear
518,surprise
5310,surprise
5375,surprise
5419,fear
5450,surprise
5513,surprise
5530,surprise
5595,surprise
5636,surprise
5664,surprise
5706,fear
5771,surprise
5778,angry
5855,fear
5893,happy
5938,surprise
5943,fear
5997,fear
6046,surprise
6050,surprise
6167,surprise
6184,surprise
6216,surprise
6219,surprise
6247,surprise
6309,surprise
6360,surprise
6410,surprise
6415,surprise
6425,surprise
6427,surprise
647,angry
6518,surprise
6598,surprise
6647,surprise
670,surprise
6711,happy
6716,surprise
675,surprise
6797,disgust
6877,fear
692,surprise
6966,surprise
7024,surprise
7032,surprise
7153,surprise
7203,surprise
7211,surprise
726,angry
7459,surprise
7512,fear
7562,surprise
7582,surprise
759,surprise
7626,surprise
7761,surprise
7774,sad
78,surprise
783,surprise
7865,surprise
7874,surprise
788,surprise
7926,surprise
7957,happy
8016,surprise
8021,neutral
8042,surprise
8063,fear
8115,surprise
8137,surprise
8143,surprise
8173,surprise
8240,happy
8309,happy
8329,surprise
8404,fear
8421,surprise
843,fear
8439,fear
8478,happy
8489,surprise
867,fear
8736,surprise
8837,surprise
8928,surprise
8973,surprise
9017,surprise
9021,surprise
9118,surprise
9141,surprise
9162,angry
9309,surprise
9367,surprise
9380,surprise
9450,surprise
9467,angry
947,surprise
9499,surprise
9541,surprise
9546,surprise
9560,fear
9630,surprise
9644,neutral
9681,surprise
9776,happy
9786,happy
9806,surprise
9830,happy
9853,surprise
9878,fear
993,surprise
